代號,名稱,年/月,  稅前淨利－CFO,  折舊－CFO,  攤提－CFO,來自營運之現金流量,  新增投資－CFI,  出售投資－CFI,  購置不動產廠房設備（含預付）－CFI,  處分不動產廠房設備（含預付）－CFI,投資活動之現金流量,  現金增（減）資－CFF,  支付現金股利－CFF,籌資活動之現金流量,匯率影響數,本期產生現金流量,期初現金及約當現金,期末現金及約當現金
2880,華南金,23-Dec,"26,195,305","1,721,432","370,448","-21,346,630",0,0,"-2,815,317","3,742","-2,560,931",0,"-8,022,918","3,224,356","-304,953","-20,988,158","186,822,057","165,833,899"
2881,富邦金,23-Dec,"74,443,839","5,431,546","2,028,525","-84,891,250","-305,000","920,499","-4,434,888","28,048","-10,739,110",0,"-22,108,799","49,067,278","-5,680,537","-52,243,619","573,733,858","521,490,239"
2882,國泰金,23-Dec,"58,469,289","5,421,400","3,214,561","-59,249,597",0,"41,473","-4,566,415","32,431","12,992,412",0,"-16,593,213","26,800,929","1,304,606","-18,151,650","620,603,407","602,451,757"
2883,開發金,23-Dec,"20,576,882","2,898,656","1,525,623","-59,716,436","-2,973,782","470,865","-1,110,154","134,336","-4,067,190",0,0,"14,857,100","284,558","-48,641,968","200,161,850","151,519,882"
2884,玉山金,23-Dec,"26,512,011","3,182,130","706,955","-2,455,042",0,0,"-2,373,703",269,"-6,427,799","16,000,000","-2,867,953","17,354,113","1,117,493","9,588,765","115,750,099","125,338,864"
2885,元大金,23-Dec,"33,985,651","2,658,900","610,305","-35,466,861","-142,808","95,834","-2,962,563","20,316","-4,231,465",0,"-10,001,247","52,917,434","-1,200,162","12,018,946","206,929,363","218,948,309"
2886,兆豐金,23-Dec,"37,047,965","1,638,778","756,168","25,546,652","-755,563","69,844","-1,351,894","46,331","-3,189,508","1,391,394","-15,504,538","2,340,089","328,062","25,025,295","435,380,396","460,405,691"
2887,台新金,23-Dec,"17,722,919","2,122,841","571,461","-9,365,368","-160,000",0,"-944,075","18,864","-2,055,740",0,"-7,952,343","4,995,997","-32,222","-6,457,333","80,598,219","74,140,886"
2888,新光金,23-Dec,"-12,707,748","1,705,083","519,371","-48,050,883","-320,000","50,100","-1,122,390","234,187","5,925,516",0,"-76,962","49,029,758","242,183","7,146,574","132,628,320","139,774,894"
2889,國票金,23-Dec,"3,152,009","216,780","43,332","-8,903,439",0,0,"-69,365",838,"15,116",0,0,"8,459,196","-22,276","-451,403","3,739,285","3,287,882"
2890,永豐金,23-Dec,"23,070,894","1,946,638","439,716","-150,040,294",0,0,"-1,305,312","67,534","-1,342,751","11,250,000","-7,280,259","42,976,799","-201,268","-108,607,514","326,689,284","218,081,770"
2891,中信金,23-Dec,"66,934,337","6,792,301","1,936,516","-16,537,839","-3,018,211","35,485","-2,937,149","12,795","-11,575,004",0,"-20,754,630","73,003,960","-2,039,916","42,851,201","522,661,164","565,512,365"
2892,第一金,23-Dec,"28,262,256","1,797,019","519,488","13,069,991",0,0,"-1,144,911","78,492","-1,897,672",0,"-10,578,754","-1,491,634","-504,957","9,175,728","311,099,856","320,275,584"
5880,合庫金,23-Dec,"22,074,663","2,271,524","377,389","2,157,615",0,"4,606","-1,144,371",0,"-1,979,511",0,"-7,004,468","2,428,316","1,563,357","4,169,777","140,044,317","144,214,094"
2880,華南金,23-Sep,"20,266,437","1,277,985","282,283","-23,721,655",0,0,"-1,774,387",867,"-4,052,418",0,"-8,022,918","663,989","1,152,694","-25,957,390","186,822,057","160,864,667"
2881,富邦金,23-Sep,"78,740,856","3,984,545","1,500,512","-100,414,828","-305,000",36,"-2,982,394","27,382","-9,074,722",0,"-22,108,799","54,126,527","1,950,291","-53,412,732","573,733,858","520,321,126"
2882,國泰金,23-Sep,"71,002,195","4,007,248","2,365,372","38,166,729",0,"30,744","-3,452,073","31,796","-10,778,719",0,"-16,593,213","23,233,916","665,878","51,287,804","620,603,407","671,891,211"
2883,開發金,23-Sep,"20,274,731","2,173,012","1,141,827","-72,556,619","-156,365","401,100","-576,134","133,944","-639,874",0,0,"24,220,892","-164,078","-49,139,679","200,161,850","151,022,171"
2884,玉山金,23-Sep,"19,606,234","2,368,360","537,000","-20,494,249",0,0,"-1,910,012",269,"-9,935,817","16,000,000","-2,867,953","18,814,268","-5,686,206","-17,302,004","115,750,099","98,448,095"
2885,元大金,23-Sep,"29,265,482","1,958,144","454,132","-37,087,525","-1,801,616","1,752,179","-1,523,618","17,470","-2,283,229",0,"-10,001,247","16,923,264","2,651,086","-19,796,404","206,929,363","187,132,959"
2886,兆豐金,23-Sep,"29,947,521","1,214,903","557,457","-86,376,809",0,"69,844","-730,133","46,087","-1,418,343",0,"-15,504,538","11,952,057","1,620,729","-74,222,366","435,380,396","361,158,030"
2887,台新金,23-Sep,"14,854,914","1,605,390","427,658","-17,749,818","-160,000",0,"-635,671","25,251","-1,371,348",0,"-7,952,343","3,672,754","-24,105","-15,472,517","80,598,219","65,125,702"
2888,新光金,23-Sep,"-1,492,615","1,275,811","386,233","-62,213,640","-320,000","50,100","-824,818","1,560","-4,623,526",0,"-76,962","26,073,381","-682,529","-41,446,314","132,628,320","91,182,006"
2889,國票金,23-Sep,"2,446,917","162,004","32,162","-15,578,852",0,0,"-40,805",838,"130,953",0,0,"15,203,953","28,453","-215,493","3,739,285","3,523,792"
2890,永豐金,23-Sep,"18,242,246","1,447,990","322,814","-166,290,092",0,0,"-861,220","40,181","-849,314","11,250,000","-7,280,259","34,272,188","522,625","-132,344,593","326,689,284","194,344,691"
2891,中信金,23-Sep,"56,519,412","5,073,098","1,458,830","-113,901,703","-2,229,748","35,000","-1,781,824","6,062","-8,139,402",0,"-19,684,649","75,432,935","-1,306,676","-47,914,846","522,661,164","474,746,318"
2892,第一金,23-Sep,"23,824,979","1,330,295","390,731","-61,626,581",0,0,"-530,339","79,032","-998,667",0,"-10,578,754","5,720,361","2,433,351","-54,471,536","311,099,856","256,628,320"
5880,合庫金,23-Sep,"18,514,394","1,694,129","276,780","-41,771,849",0,0,"-814,104",0,"-734,813",0,"-7,004,468","6,887,143","-4,439,354","-40,058,873","140,044,317","99,985,444"
2880,華南金,23-Jun,"12,781,780","843,178","188,991","-46,953,963",0,0,"-839,020",274,"-2,402,421",0,-90,"1,088,462","-54,176","-48,322,098","186,822,057","138,499,959"
2881,富邦金,23-Jun,"46,389,635","2,647,030","986,694","-233,982,745","-305,000",0,"-1,925,130","23,226","-7,512,061",0,0,"41,708,092","-440,026","-200,226,740","573,733,858","373,507,118"
2882,國泰金,23-Jun,"38,663,586","2,644,781","1,575,485","148,412,028",0,"30,744","-2,345,466","11,039","4,039,944",0,0,"-4,193,360","1,960,699","150,219,311","620,603,407","770,822,718"
2883,開發金,23-Jun,"10,539,707","1,449,017","750,253","-49,253,307","-136,269","350,051","-397,767",0,"-839,137",0,0,"16,688,682","-39,778","-33,443,540","200,161,850","166,718,310"
2884,玉山金,23-Jun,"13,250,054","1,566,412","356,277","-7,288,015",0,0,"-1,440,385",267,"-3,949,760","16,000,000",0,"11,641,229","1,198,033","1,601,487","115,750,099","117,351,586"
2885,元大金,23-Jun,"18,444,326","1,301,766","300,183","-90,659,900","-63,989","57,117","-1,005,091","5,349","-1,595,457",0,0,"70,478,644","-403,499","-22,180,212","206,929,363","184,749,151"
2886,兆豐金,23-Jun,"20,439,860","803,078","370,788","-32,493,754",0,0,"-461,379","113,634","-589,618",0,0,"6,621,845","571,613","-25,889,914","435,380,396","409,490,482"
2887,台新金,23-Jun,"10,662,926","1,059,804","279,474","-30,347,947","-160,000",0,"-444,379","1,366","-947,988",0,0,"20,189,316","-26,826","-11,133,445","80,598,219","69,464,774"
2888,新光金,23-Jun,"-9,062,635","846,810","253,735","-38,712,792","-320,000",0,"-532,217","432,934","-7,160,012",0,"-76,962","25,318,220","-117,155","-20,671,739","132,628,320","111,956,581"
2889,國票金,23-Jun,"1,687,615","107,842","21,106","-13,385,119",0,0,"-26,024",0,"-123,479",0,0,"12,840,168","-29,999","-698,429","3,739,285","3,040,856"
2890,永豐金,23-Jun,"11,721,484","952,090","210,048","-112,054,779",0,0,"-517,183","24,371","-628,784","11,250,000",0,"34,674,804","-246,613","-78,255,372","326,689,284","248,433,912"
2891,中信金,23-Jun,"32,840,988","3,355,956","993,728","-64,016,378","-1,929,997","35,000","-1,140,486","2,339","-4,878,872",0,"-100,849","56,506,856","-2,556,894","-14,945,288","522,661,164","507,715,876"
2892,第一金,23-Jun,"16,281,861","882,098","259,322","-54,950,129",0,0,"-348,784","79,033","545,526",0,0,"8,988,912","160,319","-45,255,372","311,099,856","265,844,484"
5880,合庫金,23-Jun,"12,117,978","1,123,518","179,778","-53,781,921",0,0,"-533,647",0,"-670,019",0,0,"6,340,507","-866,355","-48,977,788","140,044,317","91,066,529"
2880,華南金,23-Mar,"6,066,714","419,006","93,994","-15,485,436",0,0,"-340,791",268,"-1,407,439",0,0,"-2,639,791","-111,252","-19,643,918","186,822,057","167,178,139"
2881,富邦金,23-Mar,"14,023,883","1,320,462","490,771","-143,262,033","-150,000",0,"-839,489",134,"-2,040,750",0,0,"25,409,619","-1,739,699","-121,632,863","573,733,858","452,100,995"
2882,國泰金,23-Mar,"7,237,424","1,316,984","787,702","84,262,064",0,0,"-1,204,987",346,"20,242,131",0,0,"329,807","-188,808","104,645,194","620,603,407","725,248,601"
2883,開發金,23-Mar,"3,346,073","724,705","363,265","-48,492,569","-136,269",0,"-175,715",0,"-957,780",0,0,"-364,889","2,837","-49,812,401","200,161,850","150,349,449"
2884,玉山金,23-Mar,"7,535,772","780,931","172,697","-39,709,472",0,0,"-544,495",230,"-836,211",0,0,"200,910","1,848,534","-38,496,239","115,750,099","77,253,860"
2885,元大金,23-Mar,"8,030,102","658,715","149,681","-25,504,674","-26,847","28,327","-373,522","4,042","-685,619",0,0,"1,085,315","-2,350,715","-27,455,693","206,929,363","179,473,670"
2886,兆豐金,23-Mar,"12,246,279","399,521","184,786","-18,532,321",0,0,"-169,834","32,713","-264,161",0,0,"7,950,318","-10,722","-10,856,886","435,380,396","424,523,510"
2887,台新金,23-Mar,"5,954,930","528,778","126,283","-2,788,562",0,0,"-199,866",612,"-290,678",0,0,"11,262,824",-919,"8,182,665","80,598,219","88,780,884"
2888,新光金,23-Mar,"-11,351,764","422,907","127,650","-51,427,562","-125,000",0,"-257,434","206,937","239,953",0,0,"1,402,026","144,356","-49,641,227","132,628,320","82,987,093"
2889,國票金,23-Mar,"910,942","53,815","10,464","-10,196,595",0,0,"-16,986",0,"-173,502",0,0,"10,129,740","1,738","-238,619","3,739,285","3,500,666"
2890,永豐金,23-Mar,"5,525,642","473,815","102,787","-19,228,340",0,0,"-214,559","11,942","-255,694","11,250,000",0,"15,106,475","-50,585","-4,428,144","326,689,284","322,261,140"
2891,中信金,23-Mar,"15,795,737","1,685,318","509,124","-148,521,602","-432,723",0,"-619,173",685,"-1,459,868",0,0,"51,200,012","-412,666","-99,194,124","522,661,164","423,467,040"
2892,第一金,23-Mar,"8,300,099","436,204","128,671","-37,313,632",0,0,"-196,652",0,"90,427",0,0,"4,822,871","-447,467","-32,847,801","311,099,856","278,252,055"
5880,合庫金,23-Mar,"5,959,065","558,291","87,845","-12,075,616",0,0,"-296,486",0,"-392,675",0,0,"6,160,415","1,016,142","-5,291,734","140,044,317","134,752,583"
2880,華南金,22-Dec,"20,992,991","1,726,293","353,644","44,327,299",0,"4,470","-1,925,647",200,"-2,135,347",0,"-10,259,213","-26,615,668","3,189,377","18,765,661","168,056,396","186,822,057"
2881,富邦金,22-Dec,"60,945,652","5,236,626","1,786,992","145,228,247","-12,679,050",0,"-2,652,210","63,818","-41,361,231",0,"-44,343,497","-32,536,605","7,165,844","78,496,255","495,237,603","573,733,858"
2882,國泰金,22-Dec,"49,947,792","4,472,857","3,071,207","-26,254,905","-2,308,500","766,630","-4,179,942","195,217","-52,825,940","52,500,000","-49,483,159","6,589,915","1,052,650","-71,438,280","692,041,687","620,603,407"
2883,開發金,22-Dec,"21,940,865","2,624,415","1,447,524","9,952,969","-632,832","483,432","-1,730,261","183,188","-26,589,186",0,"-16,851,631","-13,716,718","450,474","-29,902,461","230,064,311","200,161,850"
2884,玉山金,22-Dec,"19,903,198","3,038,701","730,639","48,113,424",0,0,"-2,759,121","36,320","-10,337,441",0,"-8,965,689","-17,062,040","-9,676,069","11,037,874","104,712,225","115,750,099"
2885,元大金,22-Dec,"28,413,813","2,581,439","580,660","7,927,348","-267,647","174,506","-2,339,082","300,566","-1,907,548",0,"-18,206,154","23,886,948","9,390,896","39,297,644","167,631,719","206,929,363"
2886,兆豐金,22-Dec,"21,144,301","1,605,544","646,129","45,968,351",0,"43,350","-1,225,806","1,257","-2,308,178",0,"-17,078,169","-19,646,857","2,782,483","26,795,799","408,584,597","435,380,396"
2887,台新金,22-Dec,"17,649,319","2,142,060","486,053","66,759,735","-10,000",0,"-4,840,848","6,240","-6,561,552","5,276,131","-8,660,177","-45,091,683","46,589","15,153,089","65,445,130","80,598,219"
2888,新光金,22-Dec,"4,705,240","1,666,442","507,017","27,632,995","-271,200",0,"-1,334,698","174,892","-13,820,956","12,009,618","-6,797,815","-8,575,068","25,025","5,261,996","127,366,324","132,628,320"
2889,國票金,22-Dec,"2,251,409","215,539","40,736","8,427,864",0,0,"-49,713",0,"-725,292","3,000,000","-1,948,381","-6,311,391","70,565","1,461,746","2,277,539","3,739,285"
2890,永豐金,22-Dec,"19,404,715","1,925,546","381,622","97,031,315",0,0,"-1,128,006","57,469","-1,289,466",0,"-9,016,843","-23,999,610","1,426,680","73,168,919","253,520,365","326,689,284"
2891,中信金,22-Dec,"47,048,937","6,428,306","1,917,539","94,596,682","-2,736,135","2,400,000","-2,140,294","5,291","-13,332,653",0,"-25,538,754","9,586,879","3,319,410","94,170,318","428,490,846","522,661,164"
2892,第一金,22-Dec,"24,486,604","1,741,935","501,945","27,379,571","-42,250",0,"-1,124,801",0,"-2,339,173",0,"-12,964,159","-45,399,289","6,348,243","-14,010,648","325,110,504","311,099,856"
5880,合庫金,22-Dec,"24,386,344","2,174,245","332,054","46,957,311",0,0,"-1,271,544",102,"-1,665,036",0,"-13,600,908","-102,875,394","-6,762,809","-64,345,928","204,390,245","140,044,317"
2880,華南金,22-Sep,"16,548,866","1,295,906","262,193","27,551,769",0,"4,470","-1,547,871",198,"-1,905,683",0,"-10,259,213","-30,538,449","3,838,433","-1,053,930","168,056,396","167,002,466"
2881,富邦金,22-Sep,"104,808,711","3,915,210","1,301,594","151,467,575","-12,626,762",0,"-1,704,172","18,146","-25,619,935",0,"-44,343,496","-35,331,385","9,733,458","100,249,713","503,419,124","603,668,837"
2882,國泰金,22-Sep,"70,841,106","3,211,707","2,259,804","-28,675,204","-2,308,500","86,447","-2,388,943","13,668","-135,490,485",0,"-49,483,159","-46,338,161","1,675,515","-208,828,335","692,041,687","483,213,352"
2883,開發金,22-Sep,"27,111,556","1,915,291","1,075,052","-39,035,688","-371,273","259,871","-1,089,910","89,971","-25,774,042",0,"-16,851,631","-14,515,309","523,439","-78,801,600","230,064,311","151,262,711"
2884,玉山金,22-Sep,"14,842,362","2,259,435","549,706","67,689,865",0,0,"-1,777,383","36,253","-9,449,568",0,"-8,965,689","805,556","-15,101,279","43,944,574","104,712,225","148,656,799"
2885,元大金,22-Sep,"25,582,196","1,946,284","431,806","-12,092,549","-267,139","148,644","-1,405,749","412,326","-643,645",0,"-18,206,154","-1,149,218","7,269,824","-6,615,588","167,631,719","161,016,131"
2886,兆豐金,22-Sep,"15,250,013","1,201,636","462,292","46,223,080",0,"43,350","-805,852","1,162","-1,664,240",0,"-17,078,169","5,403,734","2,846,872","52,809,446","408,584,597","461,394,043"
2887,台新金,22-Sep,"10,932,447","1,606,142","356,900","33,000,858",0,0,"-807,448","5,516","-1,328,748","5,276,131","-8,660,177","-34,615,036","61,839","-2,881,087","65,445,130","62,564,043"
2888,新光金,22-Sep,"15,998,063","1,237,879","374,384","28,830,072","-251,400",0,"-921,354","23,382","-52,199,534","12,009,618","-6,797,815","-1,645,687","-46,272","-25,061,421","127,366,324","102,304,903"
2889,國票金,22-Sep,"1,981,170","161,561","30,380","2,497,572",0,0,"-36,016",0,"-957,732",0,"-1,948,381","-652,886","107,520","994,474","2,277,539","3,272,013"
2890,永豐金,22-Sep,"15,658,275","1,437,209","281,604","-1,190,290",0,0,"-851,988","33,849","-971,096",0,"-9,016,843","-4,049,664","1,964,901","-4,246,149","253,520,365","249,274,216"
2891,中信金,22-Sep,"46,797,877","4,769,772","1,417,962","40,693,660","-2,575,789","60,000","-1,421,413","4,105","-7,162,532",0,"-25,538,780","34,260,902","609,124","68,401,154","428,490,846","496,892,000"
2892,第一金,22-Sep,"19,402,443","1,304,039","371,774","-19,074,066","-49,000",0,"-505,883",0,"-1,936,110",0,"-12,964,159","-43,756,805","9,166,908","-55,600,073","325,110,504","269,510,431"
5880,合庫金,22-Sep,"18,236,903","1,617,965","243,460","51,689,844",0,0,"-836,086",36,"-1,707,524",0,"-13,600,908","-97,490,976","-7,476,715","-54,985,371","204,390,245","149,404,874"
2880,華南金,22-Jun,"9,721,996","863,262","173,567","1,949,846",0,0,"-1,114,416",21,"-893,802",0,-87,"-37,500,742","2,213,791","-34,230,907","168,056,396","133,825,489"
2881,富邦金,22-Jun,"87,230,927","2,605,961","861,438","38,751,702","-12,626,762",0,"-1,032,064","2,283","-23,682,971",0,0,"-27,420,771","4,992,632","-7,359,408","503,419,124","496,059,716"
2882,國泰金,22-Jun,"63,755,657","2,115,801","1,492,042","-181,668,392","-2,308,500","29,447","-1,475,817","724,097","-59,575,912",0,0,"-8,637,299","555,928","-249,325,675","692,041,687","442,716,012"
2883,開發金,22-Jun,"18,498,642","1,236,912","685,576","-65,413,638","-359,539","245,721","-727,543",0,"-17,635,778",0,0,"7,006,186","365,213","-75,678,017","230,064,311","154,386,294"
2884,玉山金,22-Jun,"9,240,497","1,509,489","367,832","15,960,583",0,0,"-1,077,239","34,937","-7,841,100",0,0,"-5,478,167","-9,016,113","-6,374,797","104,712,225","98,337,428"
2885,元大金,22-Jun,"15,463,337","1,311,466","285,323","-48,665,901","-185,226","76,190","-655,842","360,451","213,186",0,0,"12,909,372","3,814,060","-31,729,283","167,631,719","135,902,436"
2886,兆豐金,22-Jun,"8,200,337","793,759","297,773","52,924,569",0,0,"-571,452",579,"-1,156,873",0,0,"-19,155,753","1,582,443","34,194,386","408,584,597","442,778,983"
2887,台新金,22-Jun,"6,112,974","1,043,116","227,359","-4,163,740",0,0,"-411,989","3,968","-627,160",0,0,"-19,361,080","40,002","-24,111,978","65,445,130","41,333,152"
2888,新光金,22-Jun,"4,301,800","825,974","250,563","15,010,451","-180,000",0,"-611,686","92,294","-24,656,153","12,009,618","-69,965","-983,089","-153,673","-10,782,464","127,366,324","116,583,860"
2889,國票金,22-Jun,"1,264,791","107,571","19,845","8,902,718",0,0,"-26,150",0,"-739,816",0,0,"-6,489,211","60,850","1,734,541","2,277,539","4,012,080"
2890,永豐金,22-Jun,"10,014,633","949,477","183,167","-41,018,009",0,0,"-539,625","14,447","-605,872",0,0,"-704,542","1,061,738","-41,266,685","253,520,365","212,253,680"
2891,中信金,22-Jun,"33,687,938","3,178,223","937,505","22,691,882","-496,568","60,000","-750,190","2,981","-3,468,730",0,"-97,538","44,902,728","-1,372,210","62,753,670","428,490,846","491,244,516"
2892,第一金,22-Jun,"12,265,010","866,488","247,010","-35,914,536",0,0,"-284,729",0,"-2,240,980",0,0,"-24,466,506","4,696,209","-57,925,813","325,110,504","267,184,691"
5880,合庫金,22-Jun,"11,117,536","1,069,570","156,536","46,017,468",0,0,"-559,432",0,"-1,169,126",0,0,"-106,731,433","-6,396,178","-68,279,269","204,390,245","136,110,976"
2880,華南金,22-Mar,"4,560,650","421,911","86,041","-7,639,902",0,0,"-307,386",30,"-178,881",0,0,"1,704,449","1,401,356","-4,712,978","168,056,396","163,343,418"
2881,富邦金,22-Mar,"57,557,418","1,325,862","427,364","60,422,374","-5,094,959",0,"-466,652",64,"-7,238,095",0,0,"-3,336,892","3,499,282","53,346,669","503,419,124","556,765,793"
2882,國泰金,22-Mar,"39,808,433","1,045,746","740,815","-108,918,761","-216,000","25,173","-895,561","24,040","-35,235,054",0,0,"-173,622","-1,260,584","-145,588,021","692,041,687","546,453,666"
2883,開發金,22-Mar,"11,604,888","601,680","335,061","-25,045,905","-338,222",0,"-406,576",0,"-42,906,741",0,0,"5,689,369","200,497","-62,062,780","230,064,311","168,001,531"
2884,玉山金,22-Mar,"5,339,287","759,374","187,038","5,519,208",0,0,"-636,583","34,351","-4,224,013",0,0,"5,366,298","-9,410,453","-2,748,960","104,712,225","101,963,265"
2885,元大金,22-Mar,"8,271,757","667,002","141,539","-50,154,216","-86,661","28,711","-212,754","264,538","461,522",0,0,"11,311,015","2,846,983","-35,534,696","167,631,719","132,097,023"
2886,兆豐金,22-Mar,"6,677,173","388,015","149,469","23,851,739",0,0,"-191,827",260,"-408,041",0,0,"-14,915,697","1,086,306","9,614,307","408,584,597","418,198,904"
2887,台新金,22-Mar,"2,934,805","526,741","108,413","550,696",0,0,"-266,869","2,532","-304,543",0,0,"-4,624,865","62,306","-4,316,406","65,445,130","61,128,724"
2888,新光金,22-Mar,"5,369,965","411,408","125,061","14,735,968","-180,000",0,"-346,171","1,686","-21,230,208",0,0,"-6,686,266","-233,186","-13,413,692","127,366,324","113,952,632"
2889,國票金,22-Mar,"644,771","51,181","9,915","3,083,202",0,0,"-18,197",0,"-796,786",0,0,"-1,489,179","59,860","857,097","2,277,539","3,134,636"
2890,永豐金,22-Mar,"5,258,160","468,332","89,966","-80,330,365",0,0,"-251,011","4,696","-296,055",0,0,"7,109,489","803,600","-72,713,331","253,520,365","180,807,034"
2891,中信金,22-Mar,"21,066,966","1,579,798","466,138","-78,349,316","-15,144",0,"-381,806","1,528","-1,137,428",0,0,"57,768,281","1,348,988","-20,369,475","428,490,846","408,121,371"
2892,第一金,22-Mar,"5,944,308","431,543","122,067","-13,023,484",0,0,"-67,316",0,"-1,522,991",0,0,"17,821,883","2,747,806","6,023,214","325,110,504","331,133,718"
5880,合庫金,22-Mar,"5,281,286","529,221","74,660","-24,701,747",0,0,"-260,869",0,"-518,307",0,0,"-38,561,619","-4,909,924","-68,691,597","204,390,245","135,698,648"
2880,華南金,21-Dec,"19,536,727","1,793,826","333,891","-26,597,628","-179,191","4,470","-2,528,219",253,"-2,274,627",0,"-3,396,521","23,056,689","-564,095","-6,379,661","174,436,057","168,056,396"
2881,富邦金,21-Dec,"165,589,399","5,077,748","1,572,269","32,446,471","-1,434,179","60,547","-2,870,841",475,"-11,253,959","52,230,080","-33,550,645","-4,974,958","-3,833,580","12,383,974","491,035,150","503,419,124"
2882,國泰金,21-Dec,"159,526,371","4,111,453","3,286,342","72,515,605","-414,500","711,581","-2,728,904","1,608","-12,891,519",0,"-36,313,949","-25,012,742","-394,137","34,217,207","657,824,480","692,041,687"
2883,開發金,21-Dec,"52,199,699","2,332,632","1,301,380","65,484,306","-5,103,416",0,"-1,872,123","9,338,281","-7,291,828",0,"-8,244,420","-18,207,367","-263,213","39,721,898","190,342,413","230,064,311"
2884,玉山金,21-Dec,"23,959,439","2,866,864","725,460","38,960,994",0,0,"-4,275,085","72,524","-4,609,596",0,"-7,665,931","-3,386,639","3,681,766","34,646,525","70,065,700","104,712,225"
2885,元大金,21-Dec,"44,141,344","2,569,529","537,671","38,757,597","-647,467","274,719","-1,685,830","109,601","-1,751,950",0,"-14,564,923","-20,849,202","-6,310,104","9,846,341","157,785,378","167,631,719"
2886,兆豐金,21-Dec,"28,656,413","1,516,907","555,355","90,861,626",0,0,"-935,944","13,964","-1,493,738",0,"-19,738,829","7,245,416","-1,154,927","95,458,377","313,126,220","408,584,597"
2887,台新金,21-Dec,"23,155,501","1,946,858","441,690","63,156","-264,197","3,116,498","-1,036,271","11,138","-2,311,722",0,"-7,816,861","14,013,511",-592,"11,764,353","53,680,777","65,445,130"
2888,新光金,21-Dec,"18,441,707","1,570,928","502,029","-11,539,656","-1,067,749",0,"-10,120,908","3,909","-14,980,026","8,177,950","-5,541,415","-2,192,392","-8,169","-28,720,243","156,086,567","127,366,324"
2889,國票金,21-Dec,"5,495,755","178,375","36,427","-7,015,574",0,0,"-259,428","2,325","-577,636",0,"-1,876,213","7,204,052","-18,163","-407,321","2,684,860","2,277,539"
2890,永豐金,21-Dec,"18,649,230","1,843,916","350,189","82,332,401",0,0,"-1,301,452","28,110","-1,442,427",0,"-7,889,738","6,488,279","-494,475","86,883,778","166,636,587","253,520,365"
2891,中信金,21-Dec,"62,044,158","6,125,560","1,741,508","-34,189,900","-3,043,049","900,496","-1,529,999","6,315","24,874,507",0,"-21,541,819","-4,780,295","-7,105,117","-21,200,805","449,691,651","428,490,846"
2892,第一金,21-Dec,"23,433,444","1,643,225","436,167","79,339,688","-128,569",0,"-789,971",0,"1,699,019",0,"-11,552,221","12,951,194","-1,247,859","92,742,042","232,368,462","325,110,504"
5880,合庫金,21-Dec,"24,428,522","2,040,123","237,086","59,274,498",0,0,"-1,083,618",532,"-642,329",0,"-11,334,090","48,177,187","2,513,243","109,322,599","95,067,646","204,390,245"
2880,華南金,21-Sep,"15,852,581","1,364,784","248,356","-20,336,788","-179,191","4,470","-736,555",225,"498,823",0,-87,"19,070,877","-458,518","-1,225,606","174,436,057","173,210,451"
2881,富邦金,21-Sep,"149,925,246","3,798,868","1,157,752","58,709,226","-693,564","60,547","-1,508,006",423,"-7,351,158","2,291,123","-33,550,645","-21,329,856","-2,572,292","27,455,920","491,035,150","518,491,070"
2882,國泰金,21-Sep,"138,078,189","3,014,743","2,416,874","40,648,366","-324,500","621,133","-1,890,831",852,"-7,627,628",0,"-36,313,949","-25,139,307","-141,127","7,740,304","657,824,480","665,564,784"
2883,開發金,21-Sep,"45,967,098","1,755,566","972,048","48,598,454","-1,372,255",0,"-1,231,584","9,273,426","-29,515,098",0,"-8,244,420","-14,272,968","-734,225","4,076,163","190,342,413","194,418,576"
2884,玉山金,21-Sep,"18,578,025","2,114,855","532,730","10,961,136",0,0,"-3,176,638","72,266","-2,776,046",0,"-7,665,931","-4,916,358","3,926,465","7,195,197","70,065,700","77,260,897"
2885,元大金,21-Sep,"37,371,975","1,929,229","399,680","13,480,723","-368,001","251,910","-1,056,010","86,342","-980,952",0,"-14,564,923","-8,531,625","-5,614,459","-1,646,313","157,785,378","156,139,065"
2886,兆豐金,21-Sep,"22,549,994","1,134,914","413,387","109,388,830",0,0,"-646,472",986,"-1,046,996",0,"-19,738,829","-964,216","-968,983","106,408,635","313,126,220","419,534,855"
2887,台新金,21-Sep,"20,307,982","1,438,605","331,970","-10,402,553",0,"3,116,498","-736,161","4,827","-1,606,151",0,"-1,757,500","7,954,683","-24,191","-4,078,212","53,680,777","49,602,565"
2888,新光金,21-Sep,"17,604,233","1,193,617","375,651","-29,446,288","-616,250",0,"-9,772,084","1,820","-13,819,427","8,177,950","-5,541,415","3,273,613","-28,134","-40,020,236","156,086,567","116,066,331"
2889,國票金,21-Sep,"4,403,991","130,506","26,644","-6,012,654",0,0,"-97,546","2,324","-338,038",0,"-1,876,213","5,948,927","-27,507","-429,272","2,684,860","2,255,588"
2890,永豐金,21-Sep,"14,762,635","1,371,023","261,933","-6,278,194",0,0,"-882,559","18,165","-986,165",0,"-7,889,738","-2,570,071","-507,884","-10,342,314","166,636,587","156,294,273"
2891,中信金,21-Sep,"53,379,776","4,556,754","1,288,100","21,593,949","-5,959,013",503,"-977,185","1,797","-14,813,691",0,"-21,541,819","-32,936,361","-5,681,879","-31,837,982","449,691,651","417,853,669"
2892,第一金,21-Sep,"19,463,874","1,224,668","325,873","26,450,875","-128,569",0,"-315,866",0,"2,551,045",0,"-11,552,221","-11,007,213","-926,212","17,068,495","232,368,462","249,436,957"
5880,合庫金,21-Sep,"19,508,794","1,520,071","174,125","-16,559,888",0,0,"-719,530",530,"-221,575",0,"-11,334,090","36,599,412","1,805,647","21,623,596","95,067,646","116,691,242"
2880,華南金,21-Jun,"10,415,580","923,636","165,445","-66,897,019","-179,191","4,470","-489,899",207,"-618,793",0,-87,"22,073,014","-250,916","-45,693,714","174,436,057","128,742,343"
2881,富邦金,21-Jun,"103,177,069","2,486,608","751,690","-46,029,831","-151,818",0,"-1,002,931",243,"-3,306,406",0,0,"-18,372,355","-1,868,787","-69,577,379","491,035,150","421,457,771"
2882,國泰金,21-Jun,"104,188,354","1,977,064","1,598,696","85,945,192","-234,500","394,837","-1,305,779",851,"-8,862,798",0,0,"-4,009,197","-198,349","72,874,848","657,824,480","730,699,328"
2883,開發金,21-Jun,"26,691,816","1,178,409","651,909","397,446","-934,777",0,"-585,099",0,"2,882,441",0,0,"22,226,934","-190,103","25,316,718","190,342,413","215,659,131"
2884,玉山金,21-Jun,"12,148,239","1,384,396","346,115","12,706,531",0,0,"-2,397,686","69,149","-5,013,546",0,0,"2,757,999","3,255,348","13,706,332","70,065,700","83,772,032"
2885,元大金,21-Jun,"26,400,695","1,295,043","267,198","-49,160,829","-204,442","189,299","-634,205","37,694","-594,034",0,0,"32,990,138","-3,619,687","-20,384,412","157,785,378","137,400,966"
2886,兆豐金,21-Jun,"14,384,075","757,597","272,162","33,395,903",0,0,"-458,935",446,"-761,361",0,0,"-9,858,966","-358,658","22,416,918","313,126,220","335,543,138"
2887,台新金,21-Jun,"14,299,881","935,047","223,838","-21,028,064",0,"3,116,498","-427,890","4,823","-1,238,644",0,0,"14,992,476","-7,185","-7,281,417","53,680,777","46,399,360"
2888,新光金,21-Jun,"10,363,395","790,336","249,313","-1,495,369","-616,250",0,"-1,267,186","1,120","-10,467,714",0,0,"-6,583,459","-68,747","-18,615,289","156,086,567","137,471,278"
2889,國票金,21-Jun,"3,143,292","87,571","17,897","-3,458,438",0,0,"-66,029","1,833","-465,492",0,0,"4,057,710","-26,437","107,343","2,684,860","2,792,203"
2890,永豐金,21-Jun,"9,722,055","906,159","173,526","12,903,155",0,0,"-546,878","13,093","-611,361",0,0,"12,506,259","-498,097","24,299,956","166,636,587","190,936,543"
2891,中信金,21-Jun,"37,468,965","3,057,869","857,708","-10,446,959","-863,926",508,"-642,327",976,"-6,571,986",0,0,"-7,036,264","-4,957,113","-29,012,322","449,691,651","420,679,329"
2892,第一金,21-Jun,"12,853,628","818,342","217,780","11,477,819","-128,569",0,"-179,936",0,"1,890,015",0,0,"-5,729,475","-522,101","7,116,258","232,368,462","239,484,720"
5880,合庫金,21-Jun,"12,095,587","1,008,219","114,979","-7,296,535",0,0,"-472,583",521,"107,728",0,0,"26,201,683","202,661","19,215,537","95,067,646","114,283,183"
2880,華南金,21-Mar,"4,695,647","466,796","82,676","-71,255,848","-36,205",0,"-225,561",197,"274,250",0,0,"8,571,058","448,356","-61,962,184","174,436,057","112,473,873"
2881,富邦金,21-Mar,"59,750,607","1,167,488","362,577","-18,886,976",0,"1,579,343","-413,852",144,"-312,938",0,0,"7,996,463","-85,202","-11,288,653","491,035,150","479,746,497"
2882,國泰金,21-Mar,"63,863,530","977,927","800,490","-69,375,586","-135,000","355,611","-631,638",56,"-14,142,945",0,0,"-2,416,219","-337,430","-86,272,180","657,824,480","571,552,300"
2883,開發金,21-Mar,"16,496,540","592,091","326,675","6,486,720","-865,127",0,"-127,438",0,"-18,886,726",0,0,"-8,616,764","-22,260","-21,039,030","185,202,488","164,163,458"
2884,玉山金,21-Mar,"6,238,438","693,937","166,575","-3,650,881",0,0,"-3,345,876","55,032","-4,862,566",0,0,"1,049,116","1,236,382","-6,227,949","70,065,700","63,837,751"
2885,元大金,21-Mar,"13,936,149","647,497","135,436","-11,196,961","-102,230","91,513","-318,366","5,734","-347,205",0,0,"-3,794,296","-1,366,248","-16,704,710","157,785,378","141,080,668"
2886,兆豐金,21-Mar,"7,315,215","378,575","129,559","15,101,627",0,0,"-208,466",438,"-335,102",0,0,"7,186,638","452,151","22,405,314","313,126,220","335,531,534"
2887,台新金,21-Mar,"5,211,749","467,684","114,587","-15,358,503",0,0,"-230,777",100,"-359,824",0,0,"11,541,912","13,260","-4,163,155","53,680,777","49,517,622"
2888,新光金,21-Mar,"9,279,013","393,013","123,804","20,356,586","-421,250",0,"-159,266",3,"-14,331,439",0,0,"-13,230,657","-123,634","-7,329,144","156,086,567","148,757,423"
2889,國票金,21-Mar,"1,881,587","44,338","8,840","-4,827,307",0,0,"-24,893",0,"206,514",0,0,"4,252,469","-5,853","-374,177","2,684,860","2,310,683"
2890,永豐金,21-Mar,"5,233,735","448,615","87,345","13,518,865",0,0,"-211,969","5,882","-234,255",0,0,"8,210,690","-82,850","21,412,450","166,636,587","188,049,037"
2891,中信金,21-Mar,"22,554,392","1,540,690","429,980","-82,439,355","-751,561",520,"-284,643",313,"-5,906,340",0,0,"-1,446,796","-3,255,685","-93,048,176","449,691,651","356,643,475"
2892,第一金,21-Mar,"6,003,806","410,263","108,364","31,657,649","-60,343",0,"-92,833",0,"2,601,650",0,0,"-4,196,324","822,692","30,885,667","232,368,462","263,254,129"
5880,合庫金,21-Mar,"5,602,267","500,132","57,584","-23,878,634",0,0,"-181,778",80,"84,342",0,0,"18,172,579","-304,212","-5,925,925","95,067,646","89,141,721"
2880,華南金,20-Dec,"11,189,805","1,866,466","319,219","69,885,387","-8,780",0,"-1,005,168",419,"-3,714,411",0,"-6,806,592","9,058,544","-2,025,706","73,203,814","101,232,243","174,436,057"
2881,富邦金,20-Dec,"103,127,912","4,917,836","1,371,160","50,868,295","-4,081,546",0,"-3,891,151","4,999","-67,201,747",0,"-23,383,194","19,175,484","-3,868,375","-1,026,343","492,061,493","491,035,150"
2882,國泰金,20-Dec,"81,615,781","4,026,580","3,331,836","196,186,447","-495,185","245,904","-2,371,706","11,977","-15,165,853",0,"-29,729,344","-25,661,716","-748,546","154,610,332","503,214,148","657,824,480"
2883,開發金,20-Dec,"21,948,393","2,116,730","1,340,407","163,585,906","-131,271",0,"-3,244,575","63,148","-150,508,431",0,"-8,761,068","11,329,262","-277,121","24,129,616","166,212,797","190,342,413"
2884,玉山金,20-Dec,"20,529,092","2,787,307","655,644","15,773,737",0,0,"-1,963,191","354,023","-3,563,223",0,"-9,203,891","3,738,883","-183,104","15,766,293","54,299,407","70,065,700"
2885,元大金,20-Dec,"30,766,278","2,592,592","544,909","26,276,210","-482,258","380,990","-7,744,355","359,528","-7,340,545",0,"-7,585,898","4,642,652","113,730","23,692,047","134,093,331","157,785,378"
2886,兆豐金,20-Dec,"29,330,638","1,467,409","76,909","-165,711,478",0,0,"-774,165","613,711","-987,611",0,"-20,737,777","-15,566,657","-1,606,178","-183,871,924","496,998,144","313,126,220"
2887,台新金,20-Dec,"16,431,128","1,815,407","385,896","7,057,533",0,0,"-1,309,057","1,882","-2,265,417",0,"-7,849,089","-6,097,964","-13,606","-1,319,454","55,000,231","53,680,777"
2888,新光金,20-Dec,"8,492,051","1,552,599","451,027","-93,915,584","-1,060,000","44,865","-1,681,348","6,270","-6,494,092","13,225,640","-5,143,854","22,850,195","-7,254","-77,566,735","233,653,302","156,086,567"
2889,國票金,20-Dec,"4,742,741","173,172","33,052","396,237",0,0,"-4,525,492",0,"-3,968,492",0,"-1,851,242","4,294,427","-2,295","719,877","1,964,983","2,684,860"
2890,永豐金,20-Dec,"13,969,391","1,650,325","335,607","-543,824",0,"207,310","-1,409,774","13,405","-1,359,452",0,"-7,889,738","11,036,415","-496,483","8,636,656","157,999,931","166,636,587"
2891,中信金,20-Dec,"51,577,057","6,195,891","1,647,763","190,751,609","-3,799,797","22,221","-1,506,473","89,993","-12,224,156",0,"-20,486,315","-69,700,002","-1,458,869","107,368,582","342,323,069","449,691,651"
2892,第一金,20-Dec,"19,619,728","1,618,080","354,727","-50,993,802","-14,633",0,"-1,349,001",0,"-2,996,973",0,"-13,085,040","24,933,361","-3,371,021","-32,428,435","264,796,897","232,368,462"
5880,合庫金,20-Dec,"19,822,697","1,948,452","220,619","-17,925,960","-3,500",0,"-1,133,200",2,"-2,026,340",0,"-11,003,971","18,753,882","5,960,458","4,762,040","90,305,606","95,067,646"
2880,華南金,20-Sep,"6,869,154","1,399,477","237,708","37,444,119",0,0,"-662,698",408,"-4,912,111",0,"-6,806,592","8,535,487","-1,153,354","39,914,141","101,232,243","141,146,384"
2881,富邦金,20-Sep,"78,238,057","3,655,499","1,005,617","58,237,782","-3,354,042",0,"-3,069,087","44,083","-63,625,062",0,"-23,383,194","-10,318,270","-3,512,900","-19,218,450","492,061,493","472,843,043"
2882,國泰金,20-Sep,"71,288,709","2,950,470","2,444,027","180,467,771","-450,185","162,007","-1,624,521","11,537","-7,566,872",0,"-29,729,344","-28,418,971","-231,996","144,249,932","503,214,148","647,464,080"
2883,開發金,20-Sep,"19,360,929","1,524,410","1,002,064","66,835,488","-51,352",0,"-3,085,058","40,846","-103,387,825",0,"-8,761,068","11,085,882","-94,300","-25,560,755","166,212,797","140,652,042"
2884,玉山金,20-Sep,"16,293,628","2,088,078","491,365","7,297,625",0,0,"-1,408,970","20,003","-1,773,970",0,"-9,203,891","1,919,325","2,101,400","9,544,380","54,299,407","63,843,787"
2885,元大金,20-Sep,"24,781,868","1,939,422","407,402","14,724,800","-472,571","376,382","-1,837,635","19,914","-6,955,769",0,"-7,585,898","4,697,920","-2,104,610","10,362,341","134,093,331","144,455,672"
2886,兆豐金,20-Sep,"22,230,421","1,094,854","57,337","-112,562,736",0,0,"-577,493",602,"-403,061",0,"-20,737,777","-16,418,609","-878,736","-130,263,142","496,998,144","366,735,002"
2887,台新金,20-Sep,"13,623,399","1,352,720","275,296","3,984,218",0,0,"-914,280","1,648","-1,860,817",0,"-7,849,089","-4,714,713","-20,511","-2,611,823","55,000,230","52,388,407"
2888,新光金,20-Sep,"14,058,047","1,155,608","331,029","-35,829,459","-1,060,000","44,865","-1,368,840","5,287","-3,847,107","13,225,640","-5,143,854","7,209,410","229,922","-32,237,234","233,653,302","201,416,068"
2889,國票金,20-Sep,"3,603,622","128,463","23,937","-2,377,471",0,0,"-3,752,848",0,"-3,315,224",0,"-1,851,242","6,993,233","-25,473","1,275,065","1,964,983","3,240,048"
2890,永豐金,20-Sep,"10,552,428","1,277,238","250,311","-14,715,996",0,"207,310","-1,043,295","9,277","-958,614",0,"-7,889,738","5,263,371","-509,888","-10,921,127","157,999,931","147,078,804"
2891,中信金,20-Sep,"43,964,705","4,628,075","1,220,116","97,260,341","-2,774,823",0,"-1,073,674","107,656","-8,974,823",0,"-20,486,315","-18,096,791","-1,500,687","68,688,040","342,323,069","411,011,109"
2892,第一金,20-Sep,"15,609,543","1,207,614","256,593","-22,470,760",0,0,"-633,262",0,"-353,687",0,"-13,085,040","5,404,499","-2,251,547","-19,671,495","264,796,897","245,125,402"
5880,合庫金,20-Sep,"14,585,501","1,448,950","164,025","22,976,672",0,0,"-841,198",0,"-1,732,131",0,"-11,003,971","726,052","3,741,615","25,712,208","90,305,606","116,017,814"
2880,華南金,20-Jun,"2,817,385","933,023","157,440","24,665,700",0,0,"-314,974",224,"-862,467",0,"-6,384","4,986,957","-978,689","27,811,501","101,232,243","129,043,744"
2881,富邦金,20-Jun,"45,339,449","2,428,446","664,407","-98,159,180","-3,363,527",0,"-2,063,563","1,448","-35,013,565",0,0,"-9,694,361","-2,899,408","-145,766,514","492,061,493","346,294,979"
2882,國泰金,20-Jun,"37,823,738","1,962,833","1,585,472","104,294,726","-372,185",0,"-1,059,771","2,375","-8,807,279",0,0,"-13,703,299","1,878,784","83,662,932","503,214,148","586,877,080"
2883,開發金,20-Jun,"9,279,759","997,554","660,585","92,924,709","-14,173",0,"-1,942,706",0,"-61,037,230",0,0,"-5,404,962","104,421","26,586,938","166,212,797","192,799,735"
2884,玉山金,20-Jun,"11,388,079","1,384,553","329,316","9,877,327",0,0,"-958,985","1,175","-2,251,580",0,0,"7,911,792","3,120,231","18,657,770","54,299,407","72,957,177"
2885,元大金,20-Jun,"14,138,515","1,306,361","271,522","15,744,081","-188,703","268,816","-1,514,666","14,758","-6,465,373",0,0,"-3,543,423","-1,843,834","3,891,451","134,093,331","137,984,782"
2886,兆豐金,20-Jun,"13,359,546","721,935","37,872","-28,605,031",0,0,"-339,038",511,"71,242",0,0,"-15,710,956","-313,874","-44,558,619","496,998,144","452,439,525"
2887,台新金,20-Jun,"8,376,788","898,014","175,267","-23,168,791",0,0,"-602,988",15,"-1,286,555",0,0,"1,272,478","-48,836","-23,231,704","55,000,230","31,768,526"
2888,新光金,20-Jun,"4,945,295","758,927","216,032","-43,619,501","-600,000","44,865","-434,178","2,207","-1,977,730","3,258,504","-69,964","11,863,204","246,590","-33,487,437","233,653,302","200,165,865"
2889,國票金,20-Jun,"2,155,183","80,635","15,447","-5,527,366",0,0,"-3,732,265",0,"-3,142,473",0,0,"9,569,517","-38,429","861,249","1,964,983","2,826,232"
2890,永豐金,20-Jun,"6,512,400","839,233","164,724","-33,546,577",0,0,"-717,040","5,890","-805,285",0,0,"-159,108","-520,829","-35,031,799","157,999,931","122,968,132"
2891,中信金,20-Jun,"25,393,438","3,078,080","801,892","-25,473,044","-2,205,354",0,"-694,968","11,654","-7,262,724",0,0,"13,543,942","-949,537","-20,141,363","342,323,069","322,181,706"
2892,第一金,20-Jun,"10,312,727","808,283","168,793","-92,098,849",0,0,"-464,309",0,"77,271",0,0,"9,625,041","-1,813,016","-84,209,553","264,796,897","180,587,344"
5880,合庫金,20-Jun,"9,429,046","960,778","107,944","2,122,570",0,0,"-491,669",0,"-1,115,204",0,0,"-11,530,713","3,208,530","-7,314,817","90,305,606","82,990,789"
2880,華南金,20-Mar,"-633,302","465,901","76,462","9,365,619",0,0,"-174,379",199,"-105,971",0,0,"6,426,773","-19,673","15,666,748","101,232,243","116,898,991"
2881,富邦金,20-Mar,"25,820,334","1,226,965","335,276","-138,809,140","-2,008,000",0,"-443,749","4,214","-3,081,723",0,0,"-2,008,460","-275,487","-144,174,810","492,061,493","347,886,683"
2882,國泰金,20-Mar,"26,309,612","968,702","786,604","-16,652,164","-321,536",0,"-342,089","1,496","-15,297,498",0,0,"-10,214,135","954,913","-41,208,884","503,214,148","462,005,264"
2883,開發金,20-Mar,"2,532,584","505,514","322,721","20,129,267","-14,227",0,"-1,454,440",0,"-20,768,847",0,0,"5,021,469","161,252","4,543,141","165,132,047","169,675,188"
2884,玉山金,20-Mar,"5,592,604","691,773","163,978","-1,159,719",0,0,"-418,106","1,072","-779,717",0,0,"7,424,000","2,906,201","8,390,765","54,299,407","62,690,172"
2885,元大金,20-Mar,"5,216,545","653,245","135,971","12,715,911","-167,501","174,079","-1,179,821","10,912","-6,227,937",0,0,"-809,514","-1,564,871","4,113,589","134,093,331","138,206,920"
2886,兆豐金,20-Mar,"2,388,866","362,138","19,309","-95,757,946",0,0,"-143,903",438,"403,418",0,0,"-9,427,616","-147,017","-104,929,161","496,998,144","392,068,983"
2887,台新金,20-Mar,"3,152,827","442,618","79,970","-19,318,092",0,0,"-229,806",0,"-327,926",0,0,"20,937,860","2,179","1,294,021","55,000,230","56,294,251"
2888,新光金,20-Mar,"6,068,714","370,909","100,853","-72,035,488","-600,000",0,"-225,515",301,"-3,293,023",0,0,"-2,956,901","267,458","-78,017,954","233,653,302","155,635,348"
2889,國票金,20-Mar,"725,316","39,198","7,618","-5,483,755",0,0,"-107,802",0,"-944,349",0,0,"7,784,564","-4,829","1,351,631","1,964,983","3,316,614"
2890,永豐金,20-Mar,"2,824,794","409,813","81,499","-29,768,596",0,0,"-352,557","3,042","-388,911",0,0,"7,853,906","-92,125","-22,395,726","157,999,931","135,604,205"
2891,中信金,20-Mar,"14,238,269","1,548,153","395,738","54,116,067","-2,235,841",0,"-383,137","10,534","-4,511,501",0,0,"-1,649,526","-667,301","47,287,739","342,323,069","389,610,808"
2892,第一金,20-Mar,"3,640,876","406,165","83,466","-78,046,031",0,0,"-163,375",0,"442,639",0,0,"1,463,435","-386,615","-76,526,572","264,796,897","188,270,325"
5880,合庫金,20-Mar,"4,897,754","477,044","52,561","4,736,983",0,0,"-186,409",0,"-498,421",0,0,"-19,790,806","272,874","-15,279,370","90,305,606","75,026,236"
2880,華南金,19-Dec,"18,696,258","1,875,995","268,393","-15,253,702","-49,170",0,"-704,972",235,"-1,728,465",0,"-6,272,737","-3,347,013","-1,144,650","-21,473,830","122,706,073","101,232,243"
2881,富邦金,19-Dec,"65,468,415","5,018,913","1,410,433","134,484,617","-509,000",0,"-2,094,255","90,311","-24,342,154",0,"-23,091,251","15,758,744","-4,492,048","121,409,159","370,652,334","492,061,493"
2882,國泰金,19-Dec,"70,557,174","3,927,527","3,170,483","170,845,981","-470,918","101,602","-2,447,794","43,484","1,075,663","21,210,000","-21,512,706","20,453,958","40,200","192,415,802","310,798,346","503,214,148"
2883,開發金,19-Dec,"21,565,807","1,953,288","1,344,655","122,453,678",0,0,"-3,898,654",0,"-84,254,884",0,"-4,366,127","12,526,880","-88,760","50,636,914","114,495,133","165,132,047"
2884,玉山金,19-Dec,"23,070,276","2,698,912","618,697","8,163,569",0,0,"-2,849,593","106,739","-2,736,485",0,"-7,695,642","-12,718,602","1,817,254","-5,474,264","59,773,671","54,299,407"
2885,元大金,19-Dec,"25,540,897","2,538,831","734,899","47,401,709","-441,415","142,440","-1,339,054","31,383","-1,532,253",0,"-10,503,550","-30,470,173","-2,227,848","13,171,435","120,921,896","134,093,331"
2886,兆豐金,19-Dec,"33,654,274","1,384,068","72,258","63,792,300",0,"75,754","-876,055","110,824","-725,928",0,"-20,737,777","-52,646,059","-581,672","9,838,641","487,159,503","496,998,144"
2887,台新金,19-Dec,"16,273,574","1,711,251","293,149","40,275,013","-10,000",0,"-1,009,039","38,099","-1,740,125",0,"-6,837,319","-10,136,477","-54,108","28,344,303","26,655,928","55,000,231"
2888,新光金,19-Dec,"18,629,517","1,420,386","432,412","157,764,080","-45,000",0,"-2,014,019","7,607","-3,523,174","6,276,862","-2,445,185","7,672,134","114,615","162,027,655","71,625,647","233,653,302"
2889,國票金,19-Dec,"3,571,292","175,830","29,297","12,402,563","-5,243,840","370,542","-1,388,139","165,551","-6,450,762",0,"-1,268,939","-8,778,430","-57,764","-2,884,393","4,849,376","1,964,983"
2890,永豐金,19-Dec,"14,256,638","1,563,208","301,101","67,921,886",0,"327,628","-1,074,838","34,748","-819,578",0,"-7,168,390","-10,788,241","-603,996","55,710,071","102,289,860","157,999,931"
2891,中信金,19-Dec,"51,809,078","5,929,261","1,532,403","-47,096,732","-354,688","7,856,503","-3,303,050","2,180,383","-1,505,849","9,981,737","-20,246,982","30,924,974","-464,638","-18,142,245","360,465,314","342,323,069"
2892,第一金,19-Dec,"23,308,556","1,509,629","280,838","73,930,187","-74,250",0,"-1,059,129",43,"-4,026,248",0,"-12,338,557","-17,684,657","-1,775,248","50,444,034","214,352,863","264,796,897"
5880,合庫金,19-Dec,"20,723,644","1,719,508","184,858","9,886,555","-3,300",0,"-1,346,085",20,"-2,257,185",0,"-9,426,589","6,704,117","2,293,579","16,627,066","73,678,540","90,305,606"
2880,華南金,19-Sep,"15,185,582","1,407,479","195,469","-14,672,593","-49,170",0,"-465,131",218,"-553,923",0,"-6,272,656","1,501,227","-99,003","-13,824,292","122,706,073","108,881,781"
2881,富邦金,19-Sep,"63,263,147","3,815,598","1,063,097","-13,073,401","-7,000",0,"-1,364,374","11,040","-22,295,052",0,"-23,091,251","12,533,189","-766,303","-23,601,567","370,652,334","347,050,767"
2882,國泰金,19-Sep,"61,329,676","2,880,765","2,353,131","151,625,153","-387,818","100,644","-1,518,512","47,176","-5,469,808",0,"-21,512,706","-2,023,708","595,570","144,727,207","310,798,346","455,525,553"
2883,開發金,19-Sep,"19,742,019","1,455,890","994,587","69,311,058","-475,982",0,"-2,610,496",0,"-66,996,057",0,"-4,366,127","8,056,580","91,489","10,463,070","114,495,133","124,958,203"
2884,玉山金,19-Sep,"17,910,905","2,016,915","464,501","7,170,277",0,0,"-2,134,107","51,844","-1,598,150",0,"-7,695,642","-12,956,341","871,855","-6,512,359","59,773,671","53,261,312"
2885,元大金,19-Sep,"21,333,385","1,892,080","595,921","31,309,969","-441,676","102,326","-753,446","29,181","-911,327",0,"-10,503,550","-27,516,913","-1,848,285","1,033,444","120,921,896","121,955,340"
2886,兆豐金,19-Sep,"26,425,835","1,022,626","54,533","59,292,567",0,"129,003","-596,005",582,"-727,512",0,"-20,737,777","-55,226,841","226,594","3,564,808","487,159,503","490,724,311"
2887,台新金,19-Sep,"13,397,572","1,274,718","215,710","6,326,603",0,0,"-806,848","35,922","-1,406,239",0,"-6,837,319","16,799,791","-330,995","21,389,160","26,655,928","48,045,088"
2888,新光金,19-Sep,"22,600,148","1,054,671","324,412","74,352,674",0,0,"-1,232,098","5,543","-2,284,672","6,299,000","-2,445,185","11,614,665","-90,093","83,592,574","71,625,647","155,218,221"
2889,國票金,19-Sep,"2,853,365","132,241","21,986","1,192,280","-980,000","370,542","-1,200,284","165,551","-2,126,038",0,"-1,268,939","-1,502,649","-28,218","-2,464,625","4,849,376","2,384,751"
2890,永豐金,19-Sep,"10,986,665","1,164,221","222,614","21,029,833",0,"327,628","-631,068","30,933","-365,426",0,"-7,168,390","-11,325,091","-162,888","9,176,428","102,289,860","111,466,288"
2891,中信金,19-Sep,"46,858,386","4,399,133","1,143,975","-33,565,608","-9,940","19,584","-2,470,468","1,342,150","-4,567,528","9,981,737","-20,246,982","45,473,809","2,010,061","9,350,734","360,465,314","369,816,048"
2892,第一金,19-Sep,"18,472,499","1,111,063","206,258","15,886,191",0,0,"-566,475",43,"-1,305,626",0,"-12,338,557","-22,995,611","-42,682","-8,457,728","214,352,863","205,895,135"
5880,合庫金,19-Sep,"15,621,041","1,251,452","136,099","-3,543,122",0,0,"-842,943",5,"-1,298,454",0,"-9,426,589","2,490,723","948,608","-1,402,245","73,678,540","72,276,295"
2880,華南金,19-Jun,"10,063,322","940,890","127,077","-19,910,359","-49,170",0,"-276,057",164,"-6,754",0,-81,"8,074,175","379,808","-11,463,130","122,706,073","111,242,943"
2881,富邦金,19-Jun,"32,607,789","2,549,691","711,945","-28,564,558","-7,000",0,"-861,424","8,793","-22,179,419",0,0,"7,857,873","2,079,542","-40,806,562","370,652,334","329,845,772"
2882,國泰金,19-Jun,"39,737,141","1,924,701","1,568,740","187,184,418","-2,588,210","100,644","-840,976","17,699","-1,509,121",0,0,"11,370,375","291,814","197,337,486","310,798,346","508,135,832"
2883,開發金,19-Jun,"12,646,518","961,614","657,831","54,946,903","-436,570",0,"-1,820,574",0,"-50,651,226",0,0,"9,682,091","107,771","14,085,539","114,495,133","128,580,672"
2884,玉山金,19-Jun,"11,878,061","1,328,622","307,510","-2,243,021",0,0,"-1,046,788","48,057","585,845",0,0,"255,718","-1,468,207","-2,869,665","59,773,671","56,904,006"
2885,元大金,19-Jun,"13,844,945","1,247,627","456,892","-11,275,553","-141,294","103,481","-440,247","25,238","-382,501",0,0,"11,614,623","-228,150","-271,581","120,921,896","120,650,315"
2886,兆豐金,19-Jun,"17,919,267","674,716","36,986","96,134,993",0,"129,103","-384,237",341,"-428,789",0,0,"-39,175,258","477,727","57,008,673","487,159,503","544,168,176"
2887,台新金,19-Jun,"9,373,339","841,515","143,822","34,253,708",0,0,"-557,089","1,040","-821,151","-4,200,000",0,"-7,402,460","174,871","26,204,968","26,655,928","52,860,896"
2888,新光金,19-Jun,"12,936,804","690,712","211,584","46,791,015",0,0,"-789,041","3,363","-1,885,301",0,0,"11,652,047","-177,161","56,380,600","71,625,647","128,006,247"
2889,國票金,19-Jun,"1,778,766","86,758","14,571","-792,680",0,"370,542","-1,016,976",51,"-1,929,654",0,0,"551,333","11,353","-2,159,648","4,849,376","2,689,728"
2890,永豐金,19-Jun,"7,613,730","766,254","146,338","23,605,049",0,0,"-318,761","9,104","-372,581",0,0,"-3,879,938","277,519","19,630,049","102,289,860","121,919,909"
2891,中信金,19-Jun,"25,704,493","2,866,850","754,644","-39,545,687","-6,057","19,426","-1,694,829","140,531","-10,823,036","9,981,817",0,"66,705,572","2,320,994","18,657,843","360,465,314","379,123,157"
2892,第一金,19-Jun,"11,982,736","729,116","134,789","-18,533,044",0,0,"-364,850",13,"-543,895",0,0,"-3,648,415","766,630","-21,958,724","214,352,863","192,394,139"
5880,合庫金,19-Jun,"10,071,175","824,511","89,065","10,599,682",0,0,"-370,959",0,"-710,815",0,0,"4,444,249","89,359","14,422,475","73,678,540","88,101,015"
