代號,名稱,年/月,營業收入淨額,營業費用,  利息收入,稅前淨利,所得稅費用,合併總損益,其他綜合損益－OCI,本期綜合損益總額,每股盈餘,加權平均股數,發放特別股股息,常續性稅後淨利
2880,華南金,Dec-23,"59,467,447","30,790,196","87,744,182","26,195,305","4,576,885","21,618,420","9,413,303","31,031,723",1.58,"13,642,746",0,"21,618,420"
2881,富邦金,Dec-23,"167,798,693","82,450,905","271,677,108","74,443,839","9,401,537","65,042,302","195,969,492","261,011,794",4.8,"13,014,973","3,515,980","65,042,302"
2882,國泰金,Dec-23,"304,172,639","102,496,484","307,577,036","58,469,289","6,955,472","51,513,817","154,704,106","206,217,923",3.24,"14,669,210","3,390,924","51,513,817"
2883,開發金,Dec-23,"39,552,047","31,575,862","96,812,671","20,576,882","1,628,763","18,948,119","34,903,011","53,851,130",1.13,"16,742,073",0,"18,948,119"
2884,玉山金,Dec-23,"66,695,571","37,501,776","84,436,464","26,512,011","4,764,244","21,747,767","3,543,746","25,291,513",1.41,"15,395,397",0,"21,748,367"
2885,元大金,Dec-23,"98,089,883","49,160,774","62,355,083","33,985,651","5,457,422","28,528,229","13,678,215","42,206,444",2.09,"12,689,082",0,"28,528,229"
2886,兆豐金,Dec-23,"77,321,920","33,498,208","117,567,630","37,047,965","3,800,988","33,246,977","18,340,489","51,587,466",2.37,"14,051,338",0,"33,115,983"
2887,台新金,Dec-23,"69,918,050","32,899,517","74,096,728","17,722,919","3,119,042","14,603,877","7,018,231","21,622,108",1.01,"12,477,062","1,953,751","14,603,877"
2888,新光金,Dec-23,"25,405,384","29,510,045","131,452,391","-12,707,748","-5,383,443","-7,324,305","41,028,553","33,704,248",-0.48,"15,487,622",0,"-7,474,312"
2889,國票金,Dec-23,"7,094,310","3,885,166","5,951,243","3,152,009","665,018","2,486,991","3,991,686","6,478,677",0.58,"3,447,384",0,"2,487,759"
2890,永豐金,Dec-23,"53,901,012","28,525,899","75,530,795","23,070,894","3,306,504","19,764,390","10,432,508","30,196,898",1.62,"12,223,440",0,"19,764,390"
2891,中信金,Dec-23,"136,576,427","86,657,947","220,386,880","66,934,337","9,360,191","57,574,146","35,264,760","92,838,906",2.82,"19,528,030","1,069,980","57,635,929"
2892,第一金,Dec-23,"67,255,132","30,381,928","104,026,679","28,262,256","5,801,255","22,461,001","12,439,581","34,900,582",1.65,"13,620,145",0,"22,407,036"
5880,合庫金,Dec-23,"61,377,038","29,568,025","93,411,635","22,074,663","4,196,448","17,878,215","14,315,939","32,194,154",1.17,"14,709,382",0,"17,878,215"
2880,華南金,Sep-23,"44,976,392","22,916,813","64,155,058","20,266,437","3,374,469","16,891,968","2,012,207","18,904,175",1.24,"13,642,746",0,"16,891,968"
2881,富邦金,Sep-23,"153,600,382","58,526,332","199,793,297","78,740,856","11,498,957","67,241,899","127,523,982","194,765,881",4.94,"13,014,973","3,515,980","67,241,899"
2882,國泰金,Sep-23,"242,440,858","74,544,092","226,957,726","71,002,195","11,258,258","59,743,937","30,381,607","90,125,544",3.81,"14,669,210","3,390,924","59,743,937"
2883,開發金,Sep-23,"37,645,557","23,504,989","71,750,944","20,274,731","2,759,048","17,515,683","8,911,683","26,427,366",1.05,"16,742,073",0,"17,515,683"
2884,玉山金,Sep-23,"48,181,484","27,585,706","61,739,385","19,606,234","3,714,228","15,892,006","1,670,696","17,562,702",1.04,"15,304,878",0,"15,892,006"
2885,元大金,Sep-23,"77,822,467","36,582,691","45,794,178","29,265,482","4,276,763","24,988,719","8,122,183","33,110,902",1.85,"12,689,082",0,"24,988,719"
2886,兆豐金,Sep-23,"57,654,926","24,312,163","84,900,267","29,947,521","2,919,715","27,027,806","8,819,110","35,846,916",1.92,"14,051,338",0,"26,892,008"
2887,台新金,Sep-23,"53,211,558","24,223,439","54,484,151","14,854,914","2,751,226","12,103,688","2,592,765","14,696,453",0.85,"12,477,062","1,461,047","12,103,688"
2888,新光金,Sep-23,"30,267,206","21,081,840","98,112,574","-1,492,615","-799,402","-693,213","19,045,931","18,352,718",-0.05,"15,487,619",0,"-693,213"
2889,國票金,Sep-23,"5,407,192","2,928,564","4,351,545","2,446,917","507,549","1,939,368","1,449,461","3,388,829",0.46,"3,447,384",0,"1,940,020"
2890,永豐金,Sep-23,"41,033,883","21,425,228","55,712,376","18,242,246","2,530,501","15,711,745","4,372,539","20,084,284",1.29,"12,171,880",0,"15,711,745"
2891,中信金,Sep-23,"106,883,198","63,636,959","161,427,301","56,519,412","6,733,771","49,785,641","14,184,566","63,970,207",2.44,"19,497,112","1,069,980","49,785,641"
2892,第一金,Sep-23,"51,736,699","22,342,464","76,305,298","23,824,979","4,798,322","19,026,657","9,438,618","28,465,275",1.4,"13,620,145",0,"18,970,485"
5880,合庫金,Sep-23,"46,039,962","21,986,327","68,819,141","18,514,394","3,524,777","14,989,617","6,050,143","21,039,760",0.99,"14,709,382",0,"14,989,617"
2880,華南金,Jun-23,"29,207,833","15,039,194","41,310,890","12,781,780","2,276,039","10,505,741","3,893,209","14,398,950",0.77,"13,642,746",0,"10,505,741"
2881,富邦金,Jun-23,"98,159,695","37,347,098","128,295,020","46,389,635","3,887,512","42,502,123","157,748,373","200,250,496",3.18,"12,395,213","3,515,980","42,502,123"
2882,國泰金,Jun-23,"162,412,481","48,827,797","147,690,238","38,663,586","5,645,798","33,017,788","93,006,527","126,024,315",1.98,"14,669,210","3,390,924","33,017,788"
2883,開發金,Jun-23,"28,653,440","15,749,269","46,625,988","10,539,707","392,604","10,147,103","25,020,328","35,167,431",0.61,"16,742,073",0,"10,147,103"
2884,玉山金,Jun-23,"31,304,297","17,631,859","39,978,108","13,250,054","2,700,185","10,549,869","1,031,624","11,581,493",0.7,"15,122,341",0,"10,549,869"
2885,元大金,Jun-23,"50,132,604","23,502,892","29,403,193","18,444,326","2,604,795","15,839,531","5,003,467","20,842,998",1.18,"12,689,082",0,"15,839,531"
2886,兆豐金,Jun-23,"38,761,300","15,717,349","54,690,705","20,439,860","1,673,049","18,766,811","10,076,252","28,843,063",1.34,"14,051,338",0,"18,666,747"
2887,台新金,Jun-23,"36,737,274","15,831,474","35,165,363","10,662,926","1,778,239","8,884,687","4,830,489","13,715,176",0.63,"12,477,062","968,680","8,884,687"
2888,新光金,Jun-23,"16,875,205","13,943,426","64,664,033","-9,062,635","-2,730,930","-6,331,705","30,715,853","24,384,148",-0.41,"15,487,618",0,"-6,331,705"
2889,國票金,Jun-23,"3,589,984","1,892,556","2,823,541","1,687,615","348,142","1,339,473","947,868","2,287,341",0.33,"3,447,384",0,"1,339,473"
2890,永豐金,Jun-23,"26,568,352","13,936,374","36,385,986","11,721,484","1,621,980","10,099,504","4,795,787","14,895,291",0.84,"12,067,904",0,"10,099,504"
2891,中信金,Jun-23,"62,490,220","42,087,792","104,371,314","32,840,988","3,151,841","29,689,147","23,454,962","53,144,109",1.48,"19,497,037",0,"29,689,147"
2892,第一金,Jun-23,"35,157,407","14,634,034","49,353,719","16,281,861","3,123,399","13,158,462","8,755,554","21,914,016",0.97,"13,620,145",0,"13,101,599"
5880,合庫金,Jun-23,"30,343,663","14,393,120","44,703,693","12,117,978","2,281,354","9,836,624","8,943,125","18,779,749",0.65,"14,709,382",0,"9,836,624"
2880,華南金,Mar-23,"14,269,978","7,355,275","19,776,108","6,066,714","1,066,643","5,000,071","3,165,688","8,165,759",0.37,"13,642,746",0,"5,000,071"
2881,富邦金,Mar-23,"32,038,301","18,342,327","62,247,815","14,023,883","151,093","13,872,790","134,706,129","148,578,919",1.13,"12,395,213",0,"13,872,790"
2882,國泰金,Mar-23,"68,410,247","23,299,872","71,970,065","7,237,424","64,040","7,173,384","76,967,269","84,140,653",0.48,"14,669,210",0,"7,173,384"
2883,開發金,Mar-23,"11,764,612","7,662,634","22,745,750","3,346,073","-158,501","3,504,574","20,700,903","24,205,477",0.21,"16,742,073",0,"3,504,574"
2884,玉山金,Mar-23,"15,800,210","8,266,322","19,116,060","7,535,772","1,489,186","6,046,586","1,291,198","7,337,784",0.42,"14,283,056",0,"6,046,586"
2885,元大金,Mar-23,"23,590,867","11,721,313","14,182,173","8,030,102","1,625,122","6,404,980","5,603,817","12,008,797",0.46,"12,501,559",0,"6,404,980"
2886,兆豐金,Mar-23,"18,277,614","7,749,624","26,481,590","12,246,279","1,470,410","10,775,869","4,531,923","15,307,792",0.77,"13,939,820",0,"10,765,474"
2887,台新金,Mar-23,"19,222,653","7,749,025","16,722,904","5,954,930","890,513","5,064,417","2,934,658","7,999,075",0.38,"11,974,148","481,664","5,064,417"
2888,新光金,Mar-23,"4,179,720","6,373,196","32,078,412","-11,351,764","-2,323,288","-9,028,476","22,191,546","13,163,070",-0.58,"15,487,618",0,"-9,028,476"
2889,國票金,Mar-23,"1,813,944","897,505","1,409,417","910,942","215,300","695,642","764,426","1,460,068",0.18,"3,447,384",0,"695,642"
2890,永豐金,Mar-23,"12,818,114","6,860,672","17,899,793","5,525,642","777,085","4,748,557","3,593,261","8,341,818",0.41,"11,525,431",0,"4,748,557"
2891,中信金,Mar-23,"23,537,973","20,473,820","50,781,985","15,795,737","2,293,742","13,501,995","18,448,038","31,950,033",0.66,"19,496,990",0,"13,501,995"
2892,第一金,Mar-23,"17,740,895","7,174,927","23,644,123","8,300,099","1,669,681","6,630,418","5,718,966","12,349,384",0.5,"13,223,442",0,"6,630,363"
5880,合庫金,Mar-23,"14,747,394","7,081,168","21,439,906","5,959,065","922,430","5,036,635","6,452,134","11,488,769",0.35,"14,008,935",0,"5,036,635"
2880,華南金,Dec-22,"53,666,752","28,266,312","54,851,569","20,992,991","3,684,520","17,308,471","-22,896,652","-5,588,181",1.27,"13,642,746",0,"17,308,471"
2881,富邦金,Dec-22,"259,458,299","69,891,412","214,650,203","60,945,652","13,081,160","47,864,492","-397,608,175","-349,743,683",3.54,"12,395,213","3,026,121","47,864,492"
2882,國泰金,Dec-22,"341,433,658","88,610,281","250,519,506","49,947,792","11,985,678","37,962,114","-344,316,374","-306,354,260",2.58,"13,189,758","3,390,924","37,962,114"
2883,開發金,Dec-22,"95,317,153","28,532,968","80,244,713","21,940,865","5,551,678","16,389,187","-84,063,024","-67,673,837",0.98,"16,742,073","3,077","16,389,187"
2884,玉山金,Dec-22,"54,805,919","32,826,180","53,853,990","19,903,198","4,121,857","15,781,341","-4,722,290","11,059,051",1.1,"14,271,225",0,"15,775,532"
2885,元大金,Dec-22,"91,501,882","43,235,907","45,232,088","28,413,813","5,703,400","22,710,413","-15,065,715","7,644,698",1.72,"12,501,559",0,"22,710,413"
2886,兆豐金,Dec-22,"56,049,653","29,670,950","69,936,167","21,144,301","2,809,343","18,334,958","-27,884,634","-9,549,676",1.32,"13,939,820",0,"18,334,124"
2887,台新金,Dec-22,"66,442,470","29,199,606","46,391,786","17,649,319","2,793,426","14,855,893","-6,679,363","8,176,530",1.09,"11,974,148","1,845,528","14,855,893"
2888,新光金,Dec-22,"100,907,716","27,128,412","120,790,174","4,705,240","2,536,552","2,168,688","-59,180,711","-57,012,023",0.1,"15,086,800","527,850","2,029,064"
2889,國票金,Dec-22,"5,832,566","3,627,104","4,364,273","2,251,409","597,095","1,654,314","-4,876,709","-3,222,395",0.41,"3,165,429",0,"1,654,354"
2890,永豐金,Dec-22,"47,245,756","25,396,649","47,358,582","19,404,715","3,443,715","15,961,000","-15,729,289","231,711",1.4,"11,383,765",0,"15,961,000"
2891,中信金,Dec-22,"139,252,299","71,400,740","159,818,621","47,048,937","14,435,827","32,613,110","-66,951,060","-34,337,950",1.55,"19,498,679","1,069,980","32,650,044"
2892,第一金,Dec-22,"67,756,394","27,787,186","66,054,361","24,486,604","3,890,941","20,595,663","-8,055,792","12,539,871",1.56,"13,223,442",0,"20,600,594"
5880,合庫金,Dec-22,"53,182,152","28,309,753","63,731,513","24,386,344","3,569,052","20,817,292","-28,978,656","-8,161,364",1.45,"14,008,935",0,"20,817,292"
2880,華南金,Sep-22,"41,842,609","21,385,474","37,170,826","16,548,866","2,655,072","13,893,794","-26,484,327","-12,590,533",1.02,"13,642,746",0,"13,893,794"
2881,富邦金,Sep-22,"290,596,130","51,227,147","153,404,819","104,808,711","19,802,461","85,006,250","-446,919,601","-361,913,351",6.51,"12,395,213","3,026,121","85,006,250"
2882,國泰金,Sep-22,"306,490,719","64,947,063","178,509,807","70,841,106","16,361,774","54,479,332","-611,225,555","-556,746,223",3.83,"13,169,210","3,390,924","54,479,332"
2883,開發金,Sep-22,"98,893,406","21,999,693","57,240,029","27,111,556","6,768,005","20,343,551","-128,415,626","-108,072,075",1.21,"16,742,073","3,077","20,343,551"
2884,玉山金,Sep-22,"40,031,793","23,698,445","36,165,033","14,842,362","3,182,029","11,660,333","-12,114,444","-454,111",0.82,"14,269,919",0,"11,660,333"
2885,元大金,Sep-22,"75,230,544","32,959,681","31,966,132","25,582,196","4,960,333","20,621,863","-22,109,045","-1,487,182",1.57,"12,501,559",0,"20,621,863"
2886,兆豐金,Sep-22,"42,099,167","22,003,035","44,964,600","15,250,013","1,589,612","13,660,401","-30,241,346","-16,580,945",0.98,"13,939,820",0,"13,659,629"
2887,台新金,Sep-22,"47,402,064","21,716,175","31,342,666","10,932,447","2,668,722","8,263,725","-9,426,118","-1,162,393",0.58,"11,974,148","1,353,160","8,263,725"
2888,新光金,Sep-22,"107,980,632","20,494,892","88,427,434","15,998,063","5,621,465","10,376,598","-102,931,138","-92,554,540",0.65,"14,951,726","527,850","10,376,598"
2889,國票金,Sep-22,"4,674,290","2,713,965","3,032,680","1,981,170","479,298","1,501,872","-5,846,616","-4,344,744",0.38,"3,144,038",0,"1,501,901"
2890,永豐金,Sep-22,"37,036,100","19,472,901","31,080,172","15,658,275","2,722,351","12,935,924","-19,025,369","-6,089,445",1.14,"11,383,765",0,"12,935,924"
2891,中信金,Sep-22,"136,757,701","51,735,838","111,102,920","46,797,877","13,750,131","33,047,746","-108,823,752","-75,776,006",1.6,"19,496,990","1,069,980","33,047,746"
2892,第一金,Sep-22,"52,199,520","19,967,822","44,563,105","19,402,443","2,974,146","16,428,297","-10,595,198","5,833,099",1.24,"13,223,442",0,"16,432,662"
5880,合庫金,Sep-22,"39,211,294","20,592,390","44,107,715","18,236,903","2,938,134","15,298,769","-37,542,105","-22,243,336",1.06,"14,008,935",0,"15,298,769"
2880,華南金,Jun-22,"25,814,609","13,963,129","22,252,653","9,721,996","1,737,978","7,984,018","-20,091,031","-12,107,013",0.59,"13,642,746",0,"7,984,018"
2881,富邦金,Jun-22,"226,140,188","34,165,191","96,138,282","87,230,927","16,947,189","70,283,738","-355,543,758","-285,260,020",5.62,"11,804,964","3,026,121","70,283,738"
2882,國泰金,Jun-22,"237,796,265","42,013,962","112,786,175","63,755,657","14,442,263","49,313,394","-461,520,835","-412,207,441",3.45,"13,169,210","3,390,924","49,313,394"
2883,開發金,Jun-22,"74,234,053","14,528,163","36,374,402","18,498,642","4,866,733","13,631,909","-103,221,452","-89,589,543",0.81,"16,742,073","3,077","13,631,909"
2884,玉山金,Jun-22,"25,683,759","15,567,718","21,574,206","9,240,497","2,145,452","7,095,045","-9,403,733","-2,308,688",0.5,"14,267,285",0,"7,095,045"
2885,元大金,Jun-22,"50,292,485","22,144,872","20,250,972","15,463,337","3,294,318","12,169,019","-19,932,214","-7,763,195",0.92,"12,501,559",0,"12,169,019"
2886,兆豐金,Jun-22,"27,285,568","14,573,283","25,633,795","8,200,337","243,883","7,956,454","-21,032,941","-13,076,487",0.57,"13,939,820",0,"7,956,086"
2887,台新金,Jun-22,"30,976,832","14,189,195","18,851,396","6,112,974","1,642,408","4,470,566","-7,661,096","-3,190,530",0.32,"11,409,383","871,527","4,470,566"
2888,新光金,Jun-22,"76,366,361","13,341,295","57,312,162","4,301,800","1,385,923","2,915,877","-67,211,758","-64,295,881",0.16,"14,679,339","527,850","2,915,877"
2889,國票金,Jun-22,"3,082,047","1,820,946","1,861,457","1,264,791","295,474","969,317","-3,898,541","-2,929,224",0.25,"3,142,337",0,"969,346"
2890,永豐金,Jun-22,"24,107,791","12,826,159","18,166,240","10,014,633","1,786,806","8,227,827","-13,791,606","-5,563,779",0.72,"11,383,765",0,"8,227,827"
2891,中信金,Jun-22,"100,627,323","35,069,317","68,870,928","33,687,938","8,807,520","24,880,418","-83,579,696","-58,699,278",1.19,"19,496,990","1,069,980","24,880,418"
2892,第一金,Jun-22,"32,368,691","12,997,933","26,602,314","12,265,010","2,029,389","10,235,621","-9,004,096","1,231,525",0.77,"13,223,442",0,"10,238,466"
5880,合庫金,Jun-22,"23,787,464","13,259,095","26,999,692","11,117,536","1,769,458","9,348,078","-26,718,790","-17,370,712",0.64,"14,008,935",0,"9,348,078"
2880,華南金,Mar-22,"12,474,263","6,833,053","9,903,238","4,560,650","866,363","3,694,287","-6,280,940","-2,586,653",0.28,"13,194,145",0,"3,694,287"
2881,富邦金,Mar-22,"134,095,059","16,801,854","45,851,877","57,557,418","10,576,794","46,980,624","-136,659,384","-89,678,760",3.94,"11,804,964",0,"46,980,624"
2882,國泰金,Mar-22,"132,076,882","21,200,251","53,264,586","39,808,433","5,433,150","34,375,283","-181,104,992","-146,729,709",2.6,"13,169,210",0,"34,375,283"
2883,開發金,Mar-22,"41,656,732","7,607,996","17,453,018","11,604,888","1,924,701","9,680,187","-40,361,734","-30,681,547",0.58,"16,742,073",0,"9,680,187"
2884,玉山金,Mar-22,"13,550,987","7,867,436","9,885,772","5,339,287","1,012,481","4,326,806","-2,870,318","1,456,488",0.32,"13,359,383",0,"4,326,806"
2885,元大金,Mar-22,"25,819,549","11,388,306","9,747,767","8,271,757","1,623,662","6,648,095","-7,794,791","-1,146,696",0.51,"12,137,436",0,"6,648,095"
2886,兆豐金,Mar-22,"14,255,220","7,216,243","11,257,972","6,677,173","631,069","6,046,104","-6,673,873","-627,769",0.44,"13,599,824",0,"6,045,952"
2887,台新金,Mar-22,"16,611,041","7,058,926","8,772,602","2,934,805","793,660","2,141,145","474,686","2,615,831",0.15,"11,409,383","433,356","2,141,145"
2888,新光金,Mar-22,"49,142,735","6,633,737","27,917,125","5,369,965","1,893,175","3,476,790","-20,462,819","-16,986,029",0.24,"14,202,623",0,"3,476,790"
2889,國票金,Mar-22,"1,582,211","940,533","873,562","644,771","129,165","515,606","-1,967,939","-1,452,333",0.14,"2,987,842",0,"515,606"
2890,永豐金,Mar-22,"12,510,080","6,477,690","8,233,957","5,258,160","849,200","4,408,960","-3,867,405","541,555",0.39,"11,271,054",0,"4,408,960"
2891,中信金,Mar-22,"57,568,091","18,999,759","32,612,537","21,066,966","4,477,617","16,589,349","-27,343,604","-10,754,255",0.84,"19,496,990",0,"16,589,349"
2892,第一金,Mar-22,"15,471,518","6,363,333","12,024,331","5,944,308","1,000,186","4,944,122","1,125,403","6,069,525",0.38,"12,964,159",0,"4,945,568"
5880,合庫金,Mar-22,"11,556,147","6,513,875","12,467,292","5,281,286","804,373","4,476,913","-6,820,305","-2,343,392",0.32,"13,600,908",0,"4,476,913"
2880,華南金,Dec-21,"51,072,538","28,093,730","36,596,622","19,536,727","2,330,406","17,206,321","-2,497,076","14,709,245",1.3,"13,194,145",0,"17,206,321"
2881,富邦金,Dec-21,"485,832,177","71,872,868","168,724,610","165,589,399","18,354,467","147,234,932","18,561,610","165,796,542",12.49,"11,342,345","2,915,986","147,503,670"
2882,國泰金,Dec-21,"625,962,605","85,543,474","207,813,024","159,526,371","18,637,061","140,889,310","-94,275,862","46,613,448",10.34,"13,169,210","3,390,924","140,889,310"
2883,開發金,Dec-21,"192,278,170","35,016,319","69,225,228","52,199,699","5,100,224","47,099,475","-32,944,620","14,154,855",2.34,"14,969,971",0,"38,721,599"
2884,玉山金,Dec-21,"57,897,440","31,808,398","35,482,114","23,959,439","3,373,936","20,585,503","-642,507","19,942,996",1.54,"13,350,914",0,"20,563,421"
2885,元大金,Dec-21,"119,240,503","53,263,626","36,986,068","44,141,344","6,950,633","37,190,711","-6,141,800","31,048,911",2.87,"12,137,436",0,"37,190,711"
2886,兆豐金,Dec-21,"60,230,846","29,605,479","42,796,556","28,656,413","2,925,343","25,731,070","-2,433,425","23,297,645",1.89,"13,599,824",0,"25,722,727"
2887,台新金,Dec-21,"63,764,098","28,300,132","32,637,405","23,155,501","2,856,788","20,298,713","-491,932","19,806,781",1.63,"11,409,326","1,757,500","20,298,713"
2888,新光金,Dec-21,"216,512,146","29,410,903","108,110,074","18,441,707","-4,288,783","22,730,490","-5,366,032","17,364,458",1.67,"13,402,999","261,450","22,730,490"
2889,國票金,Dec-21,"10,163,867","4,517,024","3,435,284","5,495,755","890,705","4,605,050","-1,165,141","3,439,909",1.3,"2,987,509",0,"4,603,977"
2890,永豐金,Dec-21,"45,703,242","24,827,129","31,179,949","18,649,230","2,438,225","16,211,005","-1,387,147","14,823,858",1.44,"11,271,054",0,"16,211,005"
2891,中信金,Dec-21,"186,057,824","72,364,266","123,445,736","62,044,158","8,045,945","53,998,213","-6,710,113","47,288,100",2.73,"19,496,990","1,069,980","54,028,952"
2892,第一金,Dec-21,"62,604,429","26,274,683","44,846,079","23,433,444","3,694,399","19,739,045","-4,846,835","14,892,210",1.52,"12,964,159",0,"19,744,145"
5880,合庫金,Dec-21,"54,412,693","27,667,803","49,330,655","24,428,522","3,216,792","21,211,730","-4,493,669","16,718,061",1.51,"13,600,908",0,"21,008,485"
2880,華南金,Sep-21,"39,308,310","20,988,758","27,095,084","15,852,581","1,668,454","14,184,127","-2,407,866","11,776,261",1.08,"13,194,145",0,"14,184,127"
2881,富邦金,Sep-21,"380,040,341","51,071,766","124,557,261","149,925,246","16,742,442","133,182,804","-20,765,138","112,417,666",11.38,"11,240,469","2,915,986","133,182,804"
2882,國泰金,Sep-21,"477,589,050","62,572,371","154,940,407","138,078,189","15,708,729","122,369,460","-119,759,451","2,610,009",8.98,"13,169,210","3,390,924","122,369,460"
2883,開發金,Sep-21,"148,321,484","27,182,938","52,126,791","45,967,098","3,982,539","41,984,559","-40,835,888","1,148,671",2.05,"14,944,429",0,"33,610,253"
2884,玉山金,Sep-21,"43,228,903","23,571,579","26,131,619","18,578,025","2,678,751","15,899,274","-680,071","15,219,203",1.19,"13,349,671",0,"15,899,274"
2885,元大金,Sep-21,"96,266,141","41,034,299","27,368,879","37,371,975","6,421,314","30,950,661","-6,621,797","24,328,864",2.33,"12,137,436",0,"30,950,661"
2886,兆豐金,Sep-21,"45,165,090","22,235,867","31,964,288","22,549,994","2,844,376","19,705,618","-1,351,866","18,353,752",1.45,"13,599,824",0,"19,704,685"
2887,台新金,Sep-21,"47,271,034","20,682,825","24,065,592","20,307,982","2,503,812","17,804,170","-1,214,452","16,589,718",1.45,"11,409,306","1,314,514","17,804,170"
2888,新光金,Sep-21,"170,281,486","20,869,898","80,353,745","17,604,233","-4,050,952","21,655,185","-17,097,921","4,557,264",1.62,"13,172,894","261,450","21,655,185"
2889,國票金,Sep-21,"7,708,105","3,257,189","2,554,789","4,403,991","855,812","3,548,179","-776,426","2,771,753",1.03,"2,987,509",0,"3,547,105"
2890,永豐金,Sep-21,"35,147,341","18,812,365","23,186,566","14,762,635","1,968,519","12,794,116","-1,127,852","11,666,264",1.14,"11,271,054",0,"12,794,116"
2891,中信金,Sep-21,"136,390,553","53,116,727","91,395,592","53,379,776","6,904,085","46,475,691","-15,460,174","31,015,517",2.33,"19,496,990","1,069,980","46,475,691"
2892,第一金,Sep-21,"47,397,244","18,852,535","32,971,617","19,463,874","2,942,512","16,521,362","-3,120,350","13,401,012",1.27,"12,964,159",0,"16,525,670"
5880,合庫金,Sep-21,"41,556,165","19,725,970","37,006,935","19,508,794","3,044,893","16,463,901","-1,865,481","14,598,420",1.17,"13,600,908",0,"16,463,901"
2880,華南金,Jun-21,"25,308,214","14,093,865","17,904,705","10,415,580","1,130,180","9,285,400","983,383","10,268,783",0.72,"12,854,779",0,"9,285,400"
2881,富邦金,Jun-21,"269,949,137","32,403,162","81,178,143","103,177,069","13,442,624","89,734,445","21,984,011","111,718,456",8.34,"10,222,194","2,915,986","89,734,445"
2882,國泰金,Jun-21,"345,776,441","40,938,132","102,858,694","104,188,354","12,672,341","91,516,013","-61,856,235","29,659,778",6.66,"13,169,210","3,390,924","91,516,013"
2883,開發金,Jun-21,"98,712,579","17,651,356","34,932,926","26,691,816","2,254,306","24,437,510","-25,545,671","-1,108,161",1.14,"14,916,324",0,"24,437,510"
2884,玉山金,Jun-21,"28,040,571","15,582,754","17,249,975","12,148,239","1,892,657","10,255,582","362,088","10,617,670",0.81,"12,579,166",0,"10,255,582"
2885,元大金,Jun-21,"67,915,129","27,981,767","18,007,343","26,400,695","4,748,008","21,652,687","-2,504,217","19,148,470",1.62,"12,137,436",0,"21,652,687"
2886,兆豐金,Jun-21,"29,244,718","14,809,090","21,145,134","14,384,075","1,876,081","12,507,994","765,218","13,273,212",0.92,"13,599,824",0,"12,507,587"
2887,台新金,Jun-21,"28,045,246","13,287,150","15,524,335","14,299,881","1,346,860","12,953,021","-812,165","12,140,856",1.11,"10,913,506","871,527","12,953,021"
2888,新光金,Jun-21,"114,706,740","13,429,063","53,077,593","10,363,395","-3,253,164","13,616,559","-7,714,940","5,901,619",1.04,"13,016,113",0,"13,616,559"
2889,國票金,Jun-21,"5,265,616","2,136,257","1,683,800","3,143,292","567,933","2,575,359","-747,741","1,827,618",0.79,"2,886,482",0,"2,574,775"
2890,永豐金,Jun-21,"22,903,361","12,374,162","15,315,878","9,722,055","1,134,046","8,588,009","-325,436","8,262,573",0.76,"11,271,054",0,"8,588,009"
2891,中信金,Jun-21,"85,600,216","35,403,797","60,816,830","37,468,965","4,018,869","33,450,096","-9,793,984","23,656,112",1.72,"19,496,990",0,"33,450,096"
2892,第一金,Jun-21,"31,341,872","12,282,363","21,725,427","12,853,628","1,940,464","10,913,164","-2,941,430","7,971,734",0.85,"12,835,801",0,"10,917,729"
5880,合庫金,Jun-21,"26,459,972","12,648,370","24,605,981","12,095,587","1,895,710","10,199,877","651,228","10,851,105",0.73,"13,334,224",0,"10,199,877"
2880,華南金,Mar-21,"12,412,872","6,789,140","8,828,271","4,695,647","659,615","4,036,032","-31,605","4,004,427",0.31,"12,854,779",0,"4,036,032"
2881,富邦金,Mar-21,"148,254,997","15,134,029","40,210,382","59,750,607","7,669,665","52,080,942","996,032","53,076,974",5.01,"10,233,110",0,"52,080,942"
2882,國泰金,Mar-21,"189,607,853","20,574,483","51,371,075","63,863,530","6,296,930","57,566,600","-96,639,472","-39,072,872",4.36,"13,169,210",0,"57,566,600"
2883,開發金,Mar-21,"53,207,692","9,235,367","17,787,370","16,496,540","1,680,827","14,815,713","-31,793,895","-16,978,182",0.66,"14,866,865",0,"14,815,713"
2884,玉山金,Mar-21,"13,697,579","7,817,030","8,546,806","6,238,438","1,031,677","5,206,761","210,963","5,417,724",0.41,"12,571,650",0,"5,206,761"
2885,元大金,Mar-21,"34,590,727","13,556,317","8,901,976","13,936,149","3,180,706","10,755,443","-2,307,909","8,447,534",0.78,"12,137,436",0,"10,755,443"
2886,兆豐金,Mar-21,"14,589,571","7,248,865","10,501,992","7,315,215","1,093,607","6,221,608","-2,486,713","3,734,895",0.46,"13,599,824",0,"6,221,170"
2887,台新金,Mar-21,"11,984,967","6,493,813","7,746,906","5,211,749","737,853","4,473,896","-1,055,368","3,418,528",0.37,"10,913,392","433,356","4,473,896"
2888,新光金,Mar-21,"56,443,773","6,324,948","26,421,318","9,279,013","-160,207","9,439,220","-20,270,459","-10,831,239",0.72,"13,011,785",0,"9,439,220"
2889,國票金,Mar-21,"2,881,184","1,019,592","848,956","1,881,587","365,820","1,515,767","-1,318,743","197,024",0.47,"2,886,482",0,"1,515,767"
2890,永豐金,Mar-21,"11,749,216","6,138,739","7,552,322","5,233,735","822,732","4,411,003","-1,496,348","2,914,655",0.39,"11,271,054",0,"4,411,003"
2891,中信金,Mar-21,"47,619,935","18,415,620","30,478,546","22,554,392","2,844,970","19,709,422","-16,466,840","3,242,582",1.01,"19,496,990",0,"19,709,422"
2892,第一金,Mar-21,"15,948,589","6,007,723","10,776,665","6,003,806","974,387","5,029,419","-1,443,249","3,586,170",0.39,"12,835,801",0,"5,031,300"
5880,合庫金,Mar-21,"13,009,215","6,166,373","12,273,702","5,602,267","824,735","4,777,532","-1,338,342","3,439,190",0.34,"13,334,224",0,"4,777,532"
2880,華南金,Dec-20,"39,964,524","25,801,321","36,863,125","11,189,805","2,536,322","8,653,483","-1,129,275","7,524,208",0.67,"12,854,779",0,"8,653,483"
2881,富邦金,Dec-20,"476,506,085","62,631,997","170,366,798","103,127,912","12,156,235","90,971,677","88,778,596","179,750,273",8.54,"10,233,604","2,915,986","90,971,677"
2882,國泰金,Dec-20,"629,914,485","83,026,688","208,249,264","81,615,781","5,657,558","75,958,223","80,238,491","156,196,714",5.41,"13,169,210","3,390,924","75,958,223"
2883,開發金,Dec-20,"224,824,427","28,013,362","72,343,871","21,948,393","1,272,107","20,676,286","25,625,929","46,302,215",0.87,"14,615,571",0,"20,675,828"
2884,玉山金,Dec-20,"56,249,044","32,494,200","36,089,321","20,529,092","2,481,236","18,047,856","-1,024,968","17,022,888",1.43,"12,562,910",0,"17,879,310"
2885,元大金,Dec-20,"115,628,866","42,782,105","36,369,194","30,766,278","4,789,234","25,977,044","4,638,864","30,615,908",1.99,"12,137,436",0,"25,977,044"
2886,兆豐金,Dec-20,"60,809,922","29,100,556","49,724,053","29,330,638","4,312,670","25,017,968","629,445","25,647,413",1.84,"13,599,824",0,"25,031,375"
2887,台新金,Dec-20,"44,144,849","25,852,998","33,902,150","16,431,128","1,942,301","14,488,827","472,964","14,961,791",1.17,"10,908,623","1,757,500","14,488,827"
2888,新光金,Dec-20,"268,137,149","26,964,490","106,593,007","8,492,051","-5,967,208","14,459,259","-7,160,756","7,298,503",1.12,"12,836,669","33,732","14,459,259"
2889,國票金,Dec-20,"8,570,151","3,734,406","3,498,912","4,742,741","1,007,822","3,734,919","1,261,980","4,996,899",1.12,"2,889,416",0,"3,734,919"
2890,永豐金,Dec-20,"38,990,753","22,603,735","31,542,707","13,969,391","1,728,037","12,241,354","3,155,737","15,397,091",1.09,"11,271,054",0,"12,241,354"
2891,中信金,Dec-20,"194,406,321","64,700,047","129,479,139","51,577,057","8,721,902","42,855,155","1,628,895","44,484,050",2.15,"19,496,990","989,325","42,848,328"
2892,第一金,Dec-20,"59,568,228","24,730,173","46,100,802","19,619,728","2,812,187","16,807,541","-2,248,139","14,559,402",1.31,"12,835,801",0,"16,808,876"
5880,合庫金,Dec-20,"51,765,987","25,861,904","52,869,172","19,822,697","2,687,706","17,134,991","4,796,882","21,931,873",1.24,"13,334,224",0,"17,134,991"
2880,華南金,Sep-20,"28,636,532","18,813,463","28,123,157","6,869,154","1,940,380","4,928,774","-1,768,964","3,159,810",0.38,"12,854,779",0,"4,928,774"
2881,富邦金,Sep-20,"370,083,345","46,903,107","129,394,451","78,238,057","9,784,028","68,454,029","6,584,648","75,038,677",6.38,"10,233,604","2,915,986","68,454,029"
2882,國泰金,Sep-20,"474,150,955","60,764,369","156,720,898","71,288,709","6,873,275","64,415,434","7,671,286","72,086,720",4.55,"13,169,210","3,390,924","64,415,434"
2883,開發金,Sep-20,"171,407,365","20,327,034","54,075,508","19,360,929","2,523,225","16,837,704","-3,303,046","13,534,658",0.6,"14,601,188",0,"16,837,907"
2884,玉山金,Sep-20,"42,579,890","24,046,356","27,591,802","16,293,628","2,335,478","13,958,150","-1,550,176","12,407,974",1.11,"12,561,503",0,"13,958,150"
2885,元大金,Sep-20,"83,266,736","31,838,518","27,510,975","24,781,868","3,962,637","20,819,231","1,572,371","22,391,602",1.61,"12,137,436",0,"20,819,231"
2886,兆豐金,Sep-20,"45,845,656","21,432,488","39,160,596","22,230,421","3,280,083","18,950,338","33,913","18,984,251",1.39,"13,599,824",0,"18,962,820"
2887,台新金,Sep-20,"33,765,912","18,899,215","26,031,078","13,623,399","1,861,644","11,761,755","-103,962","11,657,793",0.96,"10,907,085","1,315,724","11,761,755"
2888,新光金,Sep-20,"217,438,240","19,892,876","80,271,333","14,058,047","-3,645,289","17,703,336","-18,876,528","-1,173,192",1.38,"12,782,108","33,732","17,703,336"
2889,國票金,Sep-20,"6,245,396","2,644,435","2,635,071","3,603,622","783,000","2,820,622","773,283","3,593,905",0.85,"2,890,401",0,"2,820,622"
2890,永豐金,Sep-20,"29,377,557","16,910,473","23,936,228","10,552,428","1,316,338","9,236,090","1,068,262","10,304,352",0.82,"11,271,054",0,"9,236,090"
2891,中信金,Sep-20,"160,315,652","48,878,095","98,445,926","43,964,705","7,836,925","36,127,780","-24,533,089","11,594,691",1.8,"19,496,990","989,325","36,127,780"
2892,第一金,Sep-20,"43,408,224","17,758,835","35,216,775","15,609,543","2,231,772","13,377,771","-3,691,882","9,685,889",1.04,"12,835,801",0,"13,377,914"
5880,合庫金,Sep-20,"38,124,082","18,973,804","40,283,887","14,585,501","2,198,112","12,387,389","3,856,201","16,243,590",0.9,"13,334,224",0,"12,387,389"
2880,華南金,Jun-20,"16,980,146","12,421,702","19,627,707","2,817,385","1,344,806","1,472,579","-1,655,876","-183,297",0.11,"12,854,778",0,"1,472,579"
2881,富邦金,Jun-20,"244,759,573","30,716,206","87,716,489","45,339,449","7,875,453","37,463,996","-25,577,608","11,886,388",3.36,"10,233,604","2,915,986","37,463,996"
2882,國泰金,Jun-20,"321,150,619","40,497,545","105,959,714","37,823,738","5,122,026","32,701,712","1,755,378","34,457,090",2.18,"13,169,210","3,390,924","32,701,712"
2883,開發金,Jun-20,"104,023,890","13,125,910","36,174,039","9,279,759","2,085,912","7,193,847","-8,761,433","-1,567,586",0.21,"14,600,304",0,"7,193,847"
2884,玉山金,Jun-20,"28,943,092","16,042,136","19,185,621","11,388,079","1,693,187","9,694,892","-956,541","8,738,351",0.77,"12,558,674",0,"9,694,892"
2885,元大金,Jun-20,"51,451,259","20,602,848","18,645,877","14,138,515","2,419,579","11,718,936","512,338","12,231,274",0.91,"12,137,436",0,"11,718,936"
2886,兆豐金,Jun-20,"30,247,122","14,234,068","28,339,446","13,359,546","2,078,117","11,281,429","1,203,542","12,484,971",0.83,"13,599,824",0,"11,294,037"
2887,台新金,Jun-20,"21,738,391","12,310,996","18,085,675","8,376,788","1,258,394","7,118,394","-85,350","7,033,044",0.57,"10,906,137","873,948","7,118,394"
2888,新光金,Jun-20,"148,968,737","13,174,627","53,810,486","4,945,295","-2,881,039","7,826,334","-10,065,433","-2,239,099",0.61,"12,678,999","33,732","7,826,974"
2889,國票金,Jun-20,"3,723,429","1,634,982","1,767,614","2,155,183","503,282","1,651,901","668,540","2,320,441",0.52,"2,892,383",0,"1,651,901"
2890,永豐金,Jun-20,"18,570,445","10,956,454","16,374,985","6,512,400","864,771","5,647,629","171,950","5,819,579",0.5,"11,271,054",0,"5,647,629"
2891,中信金,Jun-20,"110,593,799","32,286,074","67,084,181","25,393,438","6,214,416","19,179,022","-18,436,827","742,195",0.93,"19,496,990","989,325","19,179,022"
2892,第一金,Jun-20,"28,054,555","11,480,914","24,335,810","10,312,727","1,548,382","8,764,345","-3,128,479","5,635,866",0.68,"12,835,801",0,"8,764,607"
5880,合庫金,Jun-20,"24,172,051","12,423,724","27,824,401","9,429,046","1,374,495","8,054,551","3,425,965","11,480,516",0.58,"13,334,224",0,"8,054,551"
2880,華南金,Mar-20,"5,874,473","6,269,999","10,629,358","-633,302","815,195","-1,448,497","-7,932,234","-9,380,731",-0.12,"12,172,740",0,"-1,448,497"
2881,富邦金,Mar-20,"133,267,132","15,194,745","44,473,372","25,820,334","2,647,276","23,173,058","-128,234,476","-105,061,418",2.24,"10,233,604",0,"23,173,058"
2882,國泰金,Mar-20,"162,091,752","19,193,991","53,784,117","26,309,612","2,796,298","23,513,314","-135,336,005","-111,822,691",1.77,"13,169,210",0,"23,513,314"
2883,開發金,Mar-20,"51,800,295","6,153,706","18,341,824","2,532,584","770,358","1,762,226","-53,344,148","-51,581,922",-0.03,"14,598,832",0,"1,762,226"
2884,玉山金,Mar-20,"13,963,486","8,023,819","10,123,810","5,592,604","1,049,915","4,542,689","-1,506,247","3,036,442",0.39,"11,624,247",0,"4,542,689"
2885,元大金,Mar-20,"24,774,598","10,240,053","9,729,278","5,216,545","829,551","4,386,994","-8,279,364","-3,892,370",0.35,"11,670,611",0,"4,386,994"
2886,兆豐金,Mar-20,"10,796,374","7,054,197","15,779,795","2,388,866","459,720","1,929,146","-1,192,325","736,821",0.14,"13,599,824",0,"1,933,368"
2887,台新金,Mar-20,"9,983,220","6,126,859","9,438,481","3,152,827","593,053","2,559,774","-2,161,719","398,055",0.2,"10,659,035","436,974","2,559,774"
2888,新光金,Mar-20,"69,434,401","6,195,262","27,198,758","6,068,714","-1,559,506","7,628,220","-52,176,862","-44,548,642",0.61,"12,565,922",0,"7,628,220"
2889,國票金,Mar-20,"1,500,079","770,827","901,483","725,316","261,977","463,339","-1,442,630","-979,291",0.16,"2,848,065",0,"463,339"
2890,永豐金,Mar-20,"8,782,690","5,342,100","8,526,314","2,824,794","470,440","2,354,354","-4,745,748","-2,391,394",0.21,"11,271,054",0,"2,354,354"
2891,中信金,Mar-20,"62,851,755","15,005,810","34,523,402","14,238,269","2,077,182","12,161,087","-51,484,176","-39,323,089",0.62,"19,496,990",0,"12,161,087"
2892,第一金,Mar-20,"13,616,154","5,600,955","13,035,859","3,640,876","703,355","2,937,521","-7,469,986","-4,532,465",0.24,"12,461,943",0,"2,937,763"
5880,合庫金,Mar-20,"11,313,752","6,180,442","14,793,369","4,897,754","793,342","4,104,412","-3,829,932","274,480",0.3,"12,945,848",0,"4,104,412"
2880,華南金,Dec-19,"46,704,333","26,202,751","45,056,216","18,696,258","2,740,890","15,955,368","4,879,056","20,834,424",1.31,"12,172,740",0,"15,955,368"
2881,富邦金,Dec-19,"447,992,422","63,022,482","179,911,183","65,468,415","5,895,528","59,572,887","112,270,524","171,843,411",5.46,"10,233,604","2,624,043","59,572,887"
2882,國泰金,Dec-19,"555,887,198","89,050,434","220,258,661","70,557,174","6,697,870","63,859,304","189,381,909","253,241,213",4.76,"12,617,999","2,667,891","63,859,304"
2883,開發金,Dec-19,"239,327,562","25,471,804","73,119,570","21,565,807","1,911,986","19,653,821","50,599,660","70,253,481",0.88,"14,548,414",0,"19,653,821"
2884,玉山金,Dec-19,"54,522,618","29,854,264","41,263,631","23,070,276","2,949,766","20,120,510","138,758","20,259,268",1.73,"11,615,370",0,"20,069,301"
2885,元大金,Dec-19,"107,608,077","38,270,636","41,006,443","25,540,897","3,399,314","22,141,583","2,335,038","24,476,621",1.75,"11,670,611",0,"22,141,583"
2886,兆豐金,Dec-19,"65,274,862","30,898,437","71,681,244","33,654,274","4,699,474","28,954,800","3,982,425","32,937,225",2.13,"13,599,824",0,"28,954,765"
2887,台新金,Dec-19,"43,641,411","24,752,722","37,209,805","16,273,574","1,787,643","14,485,931","1,019,947","15,505,878",1.19,"10,655,976","1,819,579","14,485,931"
2888,新光金,Dec-19,"279,245,026","25,874,694","112,980,638","18,629,517","-1,271,765","19,901,282","30,341,156","50,242,438",1.61,"12,315,347",0,"19,901,282"
2889,國票金,Dec-19,"6,975,029","3,154,593","3,591,503","3,571,292","563,042","3,008,250","1,765,225","4,773,475",0.92,"2,843,856",0,"2,966,125"
2890,永豐金,Dec-19,"36,329,883","21,236,952","33,994,246","14,256,638","1,779,649","12,476,989","1,235,768","13,712,757",1.11,"11,271,054",0,"12,476,989"
2891,中信金,Dec-19,"264,717,728","68,130,130","141,659,899","51,809,078","8,926,802","42,882,276","33,464,443","76,346,719",2.16,"19,496,990","749,992","42,082,016"
2892,第一金,Dec-19,"62,317,874","23,901,112","53,624,043","23,308,556","3,939,805","19,368,751","7,399,241","26,767,992",1.55,"12,461,943",0,"19,369,533"
5880,合庫金,Dec-19,"49,096,125","25,786,246","60,460,031","20,723,644","3,111,228","17,612,416","6,340,739","23,953,155",1.33,"12,945,848",0,"17,612,416"
2880,華南金,Sep-19,"36,104,182","19,633,202","34,164,638","15,185,582","2,206,810","12,978,772","4,625,206","17,603,978",1.07,"12,172,740",0,"12,978,772"
2881,富邦金,Sep-19,"342,347,176","46,043,661","135,457,872","63,263,147","9,232,213","54,030,934","91,801,504","145,832,438",4.99,"10,233,604","2,624,043","54,030,934"
2882,國泰金,Sep-19,"382,700,688","63,914,036","164,955,074","61,329,676","9,177,502","52,152,174","172,991,346","225,143,520",3.86,"12,563,210","2,667,891","52,152,174"
2883,開發金,Sep-19,"188,428,160","19,905,094","54,143,283","19,742,019","2,294,312","17,447,707","47,102,394","64,550,101",0.73,"14,542,540",0,"17,447,707"
2884,玉山金,Sep-19,"40,789,429","21,582,389","30,995,292","17,910,905","2,091,640","15,819,265","382,969","16,202,234",1.36,"11,613,978",0,"15,819,265"
2885,元大金,Sep-19,"77,515,059","28,658,603","30,854,842","21,333,385","2,806,833","18,526,552","2,748,879","21,275,431",1.47,"11,670,611",0,"18,526,552"
2886,兆豐金,Sep-19,"49,573,238","22,447,472","54,735,554","26,425,835","3,678,427","22,747,408","5,213,455","27,960,863",1.67,"13,599,824",0,"22,746,908"
2887,台新金,Sep-19,"32,996,799","17,951,350","27,758,092","13,397,572","1,480,706","11,916,866","825,866","12,742,732",0.99,"10,655,495","1,376,593","11,916,866"
2888,新光金,Sep-19,"204,902,924","18,707,879","84,578,374","22,600,148","2,461,427","20,138,721","24,764,564","44,903,285",1.64,"12,230,904",0,"20,138,721"
2889,國票金,Sep-19,"5,321,883","2,325,630","2,631,256","2,853,365","420,093","2,433,272","1,999,403","4,432,675",0.75,"2,842,453",0,"2,391,147"
2890,永豐金,Sep-19,"27,925,435","15,800,147","25,189,160","10,986,665","1,473,313","9,513,352","1,609,081","11,122,433",0.84,"11,271,054",0,"9,513,352"
2891,中信金,Sep-19,"198,394,669","51,367,514","106,653,323","46,858,386","8,682,189","38,176,197","33,603,548","71,779,745",1.92,"19,496,990","749,992","38,176,197"
2892,第一金,Sep-19,"47,075,060","17,666,451","40,361,303","18,472,499","3,095,797","15,376,702","7,372,094","22,748,796",1.23,"12,461,943",0,"15,377,110"
5880,合庫金,Sep-19,"36,270,347","18,838,930","45,464,640","15,621,041","2,402,934","13,218,107","6,207,095","19,425,202",1.0,"12,945,848",0,"13,218,107"
2880,華南金,Jun-19,"23,882,578","13,014,219","22,841,508","10,063,322","1,591,464","8,471,858","6,033,797","14,505,655",0.7,"12,172,740",0,"8,471,858"
2881,富邦金,Jun-19,"194,307,127","30,407,704","90,344,615","32,607,789","4,835,768","27,772,021","87,350,526","115,122,547",2.7,"10,233,604",0,"27,772,021"
2882,國泰金,Jun-19,"242,815,485","42,796,601","109,415,297","39,737,141","5,603,310","34,133,831","157,289,065","191,422,896",2.45,"12,563,210","2,667,891","34,133,831"
2883,開發金,Jun-19,"126,260,829","13,041,238","35,695,628","12,646,518","1,050,182","11,596,336","45,334,328","56,930,664",0.54,"14,536,948",0,"11,596,336"
2884,玉山金,Jun-19,"26,714,624","13,836,407","20,590,655","11,878,061","1,599,230","10,278,831","1,240,867","11,519,698",0.88,"11,611,172",0,"10,278,831"
2885,元大金,Jun-19,"49,684,386","18,877,674","20,612,796","13,844,945","1,956,666","11,888,279","4,952,052","16,840,331",0.94,"11,670,611",0,"11,888,279"
2886,兆豐金,Jun-19,"33,162,527","14,765,573","36,796,681","17,919,267","2,566,574","15,352,693","5,874,762","21,227,455",1.13,"13,599,824",0,"15,352,368"
2887,台新金,Jun-19,"21,833,735","11,762,477","18,320,914","9,373,339","1,152,928","8,220,411","1,599,097","9,819,508",0.68,"10,655,112","933,607","8,220,411"
2888,新光金,Jun-19,"135,953,298","12,502,619","55,953,492","12,936,804","1,889,093","11,047,711","33,694,763","44,742,474",0.9,"12,225,922",0,"11,047,711"
2889,國票金,Jun-19,"3,288,501","1,470,722","1,683,281","1,778,766","270,884","1,507,882","1,409,491","2,917,373",0.48,"2,811,533",0,"1,507,831"
2890,永豐金,Jun-19,"18,785,458","10,414,289","16,389,274","7,613,730","1,060,707","6,553,023","1,856,625","8,409,648",0.58,"11,271,054",0,"6,553,023"
2891,中信金,Jun-19,"128,778,838","33,295,861","70,678,391","25,704,493","5,307,743","20,396,750","37,458,341","57,855,091",1.01,"19,496,990","749,992","20,396,750"
2892,第一金,Jun-19,"31,109,661","11,653,823","26,920,473","11,982,736","2,068,658","9,914,078","8,123,456","18,037,534",0.8,"12,461,943",0,"9,914,746"
5880,合庫金,Jun-19,"24,095,812","12,382,511","30,279,065","10,071,175","1,576,130","8,495,045","6,976,441","15,471,486",0.64,"12,945,848",0,"8,495,045"
