代號,名稱,年/月,  現金及約當現金,  應收帳款及票據,  其他應收款,  不動產廠房及設備,  商譽及無形資產合計,    使用權資產,    投資性不動產淨額,  其他非流動資產,資產總額,  應付帳款及票據,  其他應付款,  特別股負債－非流動,  應付公司債－非流動,  其他長期借款－非流動,  租賃負債－非流動,  負債準備－非流動,負債總額,    普通股股本,    特別股股本,    預收股款,    待分配股票股利,  股本,  資本公積合計,  保留盈餘,  其他權益,  庫藏股票帳面值,股東權益總額,負債及股東權益總額
2880,華南金,Dec-23,"39,596,420","18,142,617","67,252,591","31,978,737","919,111","2,268,659","14,863,175","4,594,464","3,869,201,779","16,845,968","48,200,920",0,"80,586,915","3,412,328","2,325,107","23,659,550","3,661,389,443","136,427,459",0,0,0,"136,427,459","17,761,804","63,895,129","-10,274,310",0,"207,812,336","3,869,201,779"
2881,富邦金,Dec-23,"326,164,774","35,030,161","307,654,045","68,834,664","33,446,190","13,009,645","304,228,110","55,073,833","11,106,312,242","36,809,499","189,288,259",0,"300,620,560","17,107,892","20,602,341","4,704,889,469","10,289,706,417","130,149,732","15,999,900",0,0,"146,149,632","165,040,190","526,152,227","-34,904,796",0,"816,605,825","11,106,312,242"
2882,國泰金,Dec-23,"320,831,824","109,382,581","248,954,635","109,370,464","49,669,714","5,556,600","461,686,710","66,946,615","12,811,120,326","25,820,712","90,464,445",0,"175,941,430","12,988,127","20,030,215","6,958,614,203","12,009,674,674","146,692,102","15,333,000",0,0,"162,025,102","202,793,453","501,697,006","-78,460,876",0,"801,445,652","12,811,120,326"
2883,開發金,Dec-23,"72,864,773","56,927,084","156,501,248","31,174,212","17,778,030","11,860,235","59,391,549","77,223,854","3,648,212,053","66,290,958","107,156,822",0,"101,938,248","24,444,457","4,034,022","2,082,411,350","3,385,261,417","168,339,806","15,821,424",0,0,"184,161,230","33,588,602","84,365,277","-39,296,475",0,"262,950,636","3,648,212,053"
2884,玉山金,Dec-23,"67,575,304","7,485,212","141,356,313","34,665,848","6,284,027","7,342,717","1,752,737","17,545,763","3,638,497,500","7,597,437","43,078,614",0,"48,250,000","382,216","4,617,337","1,104,884","3,402,073,653","156,640,000",0,0,0,"156,640,000","34,800,497","46,786,129","-1,978,946",0,"236,423,847","3,638,497,500"
2885,元大金,Dec-23,"81,869,960","61,935,965","273,092,919","27,352,156","30,728,678","13,011,575","11,307,517","69,765,061","3,298,659,820","138,025,618","180,210,063",0,"104,904,691","48,439,167","6,191,253","376,640,823","2,990,283,674","126,890,824",0,0,0,"126,890,824","38,188,103","116,980,378","4,947,633",0,"308,376,146","3,298,659,820"
2886,兆豐金,Dec-23,"139,031,498","30,162,138","92,724,481","22,044,685","1,410,325","2,072,607","2,023,611","8,963,136","4,394,765,193","33,505,944","97,890,226",0,"30,500,000","11,947,112","2,134,168","29,133,623","4,058,954,105","140,513,382",0,"1,391,394",0,"141,904,776","68,502,384","122,260,989","3,142,939",0,"335,811,088","4,394,765,193"
2887,台新金,Dec-23,"29,232,521","74,789,943","165,317,191","25,700,393","3,565,321","2,291,375","4,093,509","17,961,678","3,035,951,370","16,732,526","39,299,694",0,"68,144,602","10,387,601","2,405,852","241,426,541","2,819,388,897","124,770,618","11,000,000",0,0,"135,770,618","38,197,778","43,361,276","-794,452",0,"216,562,473","3,035,951,370"
2888,新光金,Dec-23,"96,287,188","35,144,797","97,194,147","39,598,442","3,858,111","4,428,974","191,823,609","33,359,138","4,953,494,191","24,684,155","46,255,954",0,"75,352,943","2,221,898","10,650,474","3,290,657,708","4,707,413,885","154,876,290","2,970,000",0,0,"157,846,290","18,623,914","88,800,916","-19,623,795",0,"246,080,306","4,953,494,191"
2889,國票金,Dec-23,"3,287,831","13,803,428","38,404,206","7,039,021","257,608","116,249","405,724","5,019,090","363,920,403","13,472,539","17,559,271",0,0,0,"115,129","1,715,641","315,127,815","34,473,840",0,0,0,"34,473,840","399,934","6,494,278","770,888",0,"48,792,588","363,920,403"
2890,永豐金,Dec-23,"30,644,456","18,669,896","128,573,076","13,248,648","2,442,924","3,720,343","2,267,321","28,558,041","2,771,352,731","28,921,972","60,041,643","18,437","71,827,113","8,008,511","3,243,653","3,409,253","2,583,016,775","123,764,399",0,0,0,"123,764,399","6,129,361","63,599,912","-5,157,716",0,"188,335,956","2,771,352,731"
2891,中信金,Dec-23,"125,943,496","126,299,397","253,529,300","49,607,690","39,211,627","17,906,487","107,805,650","56,596,230","8,304,134,831","12,117,589","114,770,218",0,"145,429,916",0,"17,731,790","1,834,998,708","7,838,789,482","196,228,920","4,999,900",0,0,"201,228,820","59,776,628","217,831,086","-37,086,900",0,"465,345,349","8,304,134,831"
2892,第一金,Dec-23,"57,705,065","7,497,546","64,506,552","27,530,074","1,133,044","2,601,114","12,394,692","5,814,743","4,429,410,318","27,183,883","57,771,835",0,"62,350,000","2,300,000","2,485,593","72,207,560","4,180,965,920","136,201,455",0,0,0,"136,201,455","26,107,218","68,932,244","17,203,481",0,"248,444,398","4,429,410,318"
5880,合庫金,Dec-23,"89,231,286","12,996,237","55,770,102","32,448,391","4,427,379","1,585,057","11,150,124","3,199,764","4,803,702,956","12,865,610","60,137,161",0,"77,240,000","11,266,712","1,545,153","34,391,765","4,557,924,297","147,093,822",0,0,0,"147,093,822","45,650,280","54,273,802","-7,127,656",0,"245,778,659","4,803,702,956"
2880,華南金,Sep-23,"39,642,395","13,944,121","62,724,085","31,790,619","939,575","2,185,907","14,431,595","6,290,760","3,795,187,728","12,434,958","49,218,114",0,"79,586,346","2,350,206","2,244,676","25,776,650","3,599,505,758","136,427,459",0,0,0,"136,427,459","17,758,986","59,086,761","-17,593,443",0,"195,681,970","3,795,187,728"
2881,富邦金,Sep-23,"291,155,379","62,014,991","292,002,798","66,075,205","33,621,753","8,752,046","312,634,937","75,639,763","11,082,302,287","35,596,748","169,523,453",0,"306,401,315","18,396,478","20,351,091","4,759,869,364","10,331,930,023","130,149,732","15,999,900",0,0,"146,149,632","165,051,911","527,779,585","-101,546,379",0,"750,372,264","11,082,302,287"
2882,國泰金,Sep-23,"309,038,429","100,904,717","237,017,722","109,414,585","50,994,886","5,563,649","453,345,231","100,693,125","12,897,826,562",,"101,266,006",0,"169,846,284","12,649,530","20,054,417","7,008,140,409","12,212,374,678","146,692,102","15,333,000",0,0,"162,025,102","202,839,654","509,024,258","-202,099,251",0,"685,451,884","12,897,826,562"
2883,開發金,Sep-23,"65,654,409","43,352,828","141,309,673","32,030,274","17,888,303","12,134,751","59,112,149","108,338,055","3,710,822,535","55,030,650","98,274,863",0,"101,281,435","27,684,109","4,267,276","2,119,496,501","3,475,457,223","168,345,806","15,821,424",0,0,"184,167,230","33,506,036","83,004,041","-65,435,269",0,"235,365,312","3,710,822,535"
2884,玉山金,Sep-23,"55,196,811","6,769,674","144,754,579","34,796,576","6,327,267","6,980,412","1,791,864","21,603,170","3,590,762,229","6,096,078","45,194,633",0,"44,250,000","650,021","4,199,715","1,047,332","3,362,067,193","156,640,000",0,0,0,"156,640,000","34,800,497","40,897,541","-3,807,311",0,"228,695,036","3,590,762,229"
2885,元大金,Sep-23,"76,414,702","44,812,461","258,746,988","26,396,596","30,823,679","11,429,298","10,689,960","69,320,461","3,188,702,414","118,856,704","169,075,296",0,"98,328,614","51,022,688","4,678,984","379,569,361","2,889,416,818","126,890,824",0,0,0,"126,890,824","38,173,889","114,634,062","-1,392,730",0,"299,285,596","3,188,702,414"
2886,兆豐金,Sep-23,"72,566,790","29,107,311","107,240,916","21,572,230","1,245,524","1,941,480","1,981,469","8,730,957","4,243,990,504","25,894,297","95,340,707",0,"30,500,000","10,940,276","2,007,482","29,171,861","3,925,619,511","140,513,382",0,0,0,"140,513,382","68,194,233","117,024,154","-7,360,776",0,"318,370,993","4,243,990,504"
2887,台新金,Sep-23,"37,234,576","85,163,631","172,154,031","25,689,222","3,586,004","2,366,706","3,867,626","24,766,958","2,989,263,024","23,114,684","45,896,502",0,"68,113,250","10,782,084","2,478,590","240,898,394","2,779,625,546","124,770,618","11,000,000",0,0,"135,770,618","38,197,778","40,894,227","-5,253,037",0,"209,637,478","2,989,263,024"
2888,新光金,Sep-23,"58,139,480","29,850,958","85,278,982","39,962,546","3,776,328","4,566,132","184,856,227","61,332,105","4,942,995,498","18,192,161","42,149,261",0,"64,833,691","3,932,629","11,476,156","3,336,809,521","4,712,250,418","154,876,182","2,970,000",108,0,"157,846,290","18,623,914","93,697,705","-39,845,359",0,"230,745,080","4,942,995,498"
2889,國票金,Sep-23,"3,523,308","14,342,428","37,542,313","7,048,319","255,428","129,578","406,379","4,643,643","354,655,878","12,358,025","16,140,012",0,0,0,"128,126","1,727,727","309,179,239","34,473,840",0,0,0,"34,473,840","234,217","6,100,197","-1,492,332",0,"45,476,639","354,655,878"
2890,永豐金,Sep-23,"31,804,498","20,339,781","124,550,173","13,179,873","2,390,818","3,838,766","2,271,836","26,995,339","2,735,691,897","31,768,315","65,060,888","18,437","73,246,278","6,728,474","3,358,274","2,955,411","2,557,468,555","123,764,399",0,0,0,"123,764,399","6,129,361","59,492,107","-11,162,525",0,"178,223,342","2,735,691,897"
2891,中信金,Sep-23,"89,408,319","130,325,378","259,996,517","48,493,111","39,092,464","17,913,564","106,586,542","64,929,573","8,188,186,011","8,534,626","114,111,581",0,"145,378,470",0,"17,563,932","1,875,380,652","7,751,847,365","195,832,971","4,999,900",0,0,"200,832,871","59,397,478","211,095,532","-57,770,136",0,"436,338,646","8,188,186,011"
2892,第一金,Sep-23,"58,843,247","5,285,949","62,511,941","27,406,977","946,547","2,505,086","12,244,390","5,342,051","4,365,570,177","27,406,671","67,192,819",0,"62,350,000","3,650,000","2,372,189","72,552,074","4,123,561,086","136,201,455",0,0,0,"136,201,455","26,107,218","65,695,444","14,004,974",0,"242,009,091","4,365,570,177"
5880,合庫金,Sep-23,"69,666,722","9,926,837","53,474,390","32,613,951","4,239,310","1,575,565","10,403,141","3,613,017","4,655,774,004","9,190,839","70,857,917",0,"81,840,000","8,686,372","1,556,066","34,422,824","4,421,149,025","147,093,822",0,0,0,"147,093,822","45,650,994","52,211,684","-15,833,872",0,"234,624,979","4,655,774,004"
2880,華南金,Jun-23,"37,459,506","15,678,186","62,268,171","31,079,942","993,097","2,108,098","14,495,164","5,521,687","3,731,541,172","14,073,092","50,240,833",0,"79,585,777","1,522,000","2,151,976","24,626,745","3,540,364,427","136,427,459",0,0,0,"136,427,459","17,758,986","51,802,644","-14,814,528",0,"191,176,745","3,731,541,172"
2881,富邦金,Jun-23,"199,667,625","65,996,553","287,945,611","65,339,054","33,215,244","9,099,771","315,446,924","66,333,025","10,934,873,383","46,618,316","195,878,151",0,"284,790,186","17,555,808","20,735,710","4,724,516,798","10,183,163,204","123,952,126","15,999,900",0,"6,197,606","146,149,632","164,734,663","501,359,663","-68,934,675",0,"751,710,179","10,934,873,383"
2882,國泰金,Jun-23,"401,196,388","131,009,251","285,335,971","109,118,831","50,731,867","5,472,836","452,088,622","85,062,353","12,709,227,302",,"114,947,266",0,"141,100,000","12,908,519","19,806,827","6,927,295,200","11,988,660,214","146,692,102","15,333,000",0,0,"162,025,102","202,184,316","483,680,038","-140,685,484",0,"720,567,088","12,709,227,302"
2883,開發金,Jun-23,"67,647,898","58,752,723","152,530,657","33,638,851","18,067,676","12,385,959","57,954,888","90,714,628","3,680,091,381","76,697,027","115,583,474",0,"91,499,260","30,213,485","4,457,486","2,105,197,413","3,436,060,494","168,377,806","15,821,424",0,0,"184,199,230","33,515,283","75,480,815","-49,285,667",0,"244,030,887","3,680,091,381"
2884,玉山金,Jun-23,"56,330,275","7,405,960","155,976,530","34,808,283","6,313,105","6,791,104","1,762,009","16,637,136","3,557,375,872","8,855,020","38,438,078",0,"44,250,000","1,674,735","3,974,200","1,023,538","3,334,649,112","150,751,000",0,0,"5,889,000","156,640,000","34,800,497","35,552,088","-4,439,666",0,"222,726,760","3,557,375,872"
2885,元大金,Jun-23,"75,644,781","58,883,657","254,618,784","25,981,635","30,824,105","11,430,533","10,791,484","62,706,326","3,221,729,589","131,127,059","188,149,586",0,"94,259,656","56,839,829","4,672,759","373,133,979","2,934,463,212","125,015,590",0,0,"1,875,234","126,890,824","38,090,889","104,951,834","-3,127,235",0,"287,266,377","3,221,729,589"
2886,兆豐金,Jun-23,"78,986,280","29,607,818","97,360,453","21,587,230","1,192,763","1,986,289","1,538,687","6,244,395","4,213,359,320","25,545,229","100,689,478",0,"20,500,000","12,619,123","2,042,493","29,245,351","3,901,992,180","139,398,196",0,0,"1,115,186","140,513,382","68,194,233","107,779,579","-5,120,054",0,"311,367,140","4,213,359,320"
2887,台新金,Jun-23,"31,764,521","80,286,827","177,470,199","25,830,960","3,598,352","2,453,347","3,798,077","18,261,190","2,972,739,856","22,105,950","48,027,865",0,"68,081,898","11,057,834","2,534,414","234,812,687","2,764,083,655","119,741,476","11,000,000",0,"5,029,142","135,770,618","38,197,778","37,612,833","-2,952,496",0,"208,656,201","2,972,739,856"
2888,新光金,Jun-23,"68,038,730","36,482,091","98,816,784","39,949,644","3,720,999","4,604,421","183,514,839","59,665,997","4,949,155,203","27,768,633","51,881,393",0,"64,814,611","3,968,048","11,452,855","3,312,960,623","4,712,379,543","154,876,182","2,970,000",0,0,"157,846,182","18,623,172","87,883,399","-27,972,089",0,"236,775,660","4,949,155,203"
2889,國票金,Jun-23,"3,040,309","14,749,454","35,662,705","7,068,275","254,828","146,883","407,034","4,946,261","353,666,296","15,003,534","18,507,706",0,0,0,"145,044","1,742,505","309,291,355","34,473,840",0,0,0,"34,473,840","234,005","5,565,733","-1,645,187",0,"44,374,941","353,666,296"
2890,永豐金,Jun-23,"33,995,589","19,152,490","115,767,634","13,127,355","2,401,012","3,722,409","2,384,428","24,265,905","2,694,275,402","23,279,272","64,883,666","18,437","71,244,936","7,754,164","3,218,260","3,020,460","2,521,241,053","121,337,646",0,0,"2,426,753","123,764,399","6,129,361","52,564,532","-9,423,943",0,"173,034,349","2,694,275,402"
2891,中信金,Jun-23,"89,774,755","168,938,999","295,641,345","48,502,695","39,056,765","17,420,491","104,813,148","57,232,358","8,004,243,437","13,469,244","132,586,234",0,"132,389,054",0,"16,906,646","1,858,076,193","7,577,756,653","195,836,143","4,999,900",0,0,"200,836,043","59,397,529","192,588,992","-49,575,234",0,"426,486,784","8,004,243,437"
2892,第一金,Jun-23,"44,762,967","22,122,580","73,995,908","27,457,554","965,550","2,507,041","12,120,780","4,463,893","4,259,284,415","34,179,321","72,424,915",0,"62,350,000","3,900,000","2,377,962","71,353,691","4,023,826,583","132,234,423",0,0,"3,967,032","136,201,455","26,107,218","59,827,817","13,321,342",0,"235,457,832","4,259,284,415"
5880,合庫金,Jun-23,"57,648,453","12,083,627","54,967,428","32,731,369","4,185,161","1,712,049","10,945,270","3,235,253","4,635,315,295","11,911,908","56,202,144",0,"82,790,000","10,103,100","1,669,106","34,101,196","4,402,950,327","140,089,354",0,0,"7,004,468","147,093,822","45,650,994","47,361,268","-13,343,363",0,"232,364,968","4,635,315,295"
2880,華南金,Mar-23,"30,112,222","12,112,632","51,272,746","32,740,223","1,002,097","2,107,581","12,563,362","5,116,292","3,676,923,802","11,333,455","41,152,148",0,"79,585,214","1,625,000","2,138,974","24,400,601","3,483,930,937","136,427,459",0,0,0,"136,427,459","17,758,986","53,932,732","-15,128,518",0,"192,992,865","3,676,923,802"
2881,富邦金,Mar-23,"226,605,917","47,762,545","242,158,990","65,324,631","33,748,917","9,495,559","308,387,538","60,762,211","10,629,619,411","31,857,724","149,615,542",0,"263,590,565","21,268,809","21,023,974","4,690,937,510","9,907,429,668","123,952,126","15,999,900",0,0,"139,952,026","170,933,870","494,747,571","-92,519,265",0,"722,189,743","10,629,619,411"
2882,國泰金,Mar-23,"424,399,997","110,913,646","215,802,304","108,840,710","51,059,230","5,188,427","449,882,148","78,116,647","12,248,224,192",,"75,657,769",0,"132,146,179","12,661,567","19,414,697","6,856,818,289","11,552,377,030","146,692,102","15,333,000",0,0,"162,025,102","215,335,184","461,828,927","-156,777,802",0,"695,847,162","12,248,224,192"
2883,開發金,Mar-23,"92,202,111","56,101,347","139,184,286","34,290,391","18,196,209","12,554,357","57,557,240","83,699,191","3,554,801,720","67,540,846","104,019,777",0,"91,592,489","26,716,610","4,575,681","2,089,018,179","3,321,738,450","168,430,886","15,821,424",0,0,"184,252,310","33,618,500","68,458,639","-53,391,020",0,"233,063,270","3,554,801,720"
2884,玉山金,Mar-23,"45,517,957","6,613,146","118,966,103","34,597,628","6,167,181","7,090,132","1,825,819","14,532,792","3,427,271,056","7,101,533","37,162,089",0,"45,750,000","2,810,317","4,228,114","1,077,955","3,222,387,658","142,751,000",0,0,"179,000","142,930,000","26,345,824","39,626,840","-4,188,297",0,"204,883,398","3,427,271,056"
2885,元大金,Mar-23,"71,737,125","49,548,956","227,262,991","25,570,730","30,840,550","11,509,936","10,682,580","63,657,311","3,105,546,103","118,005,784","160,397,007",0,"102,187,753","42,164,672","4,715,758","366,514,360","2,816,443,282","125,015,590",0,0,0,"125,015,590","38,066,502","105,954,051","-525,291",0,"289,102,821","3,105,546,103"
2886,兆豐金,Mar-23,"111,824,874","28,930,777","84,534,486","21,545,752","1,259,370","1,897,350","1,540,659","6,354,807","4,085,771,162","25,626,422","85,029,993",0,"20,500,000","14,060,802","1,948,049","29,053,590","3,770,653,917","139,398,196",0,0,0,"139,398,196","68,194,233","118,205,195","-10,680,379",0,"315,117,245","4,085,771,162"
2887,台新金,Mar-23,"34,189,578","74,779,767","148,426,536","25,910,106","3,496,754","2,512,364","3,804,678","13,931,289","2,892,397,609","23,065,474","46,249,905",0,"68,050,887","12,018,491","2,630,458","229,172,477","2,681,504,722","119,741,476","11,000,000",0,0,"130,741,476","38,197,778","46,205,593","-4,278,119",0,"210,892,887","2,892,397,609"
2888,新光金,Mar-23,"56,994,181","29,696,578","82,606,193","39,952,743","3,641,330","4,735,877","184,070,546","46,180,944","4,834,935,973","18,650,927","41,110,498",0,"58,000,000","3,594,588","11,531,360","3,292,805,745","4,609,643,201","154,876,182","2,970,000",0,0,"157,846,182","18,276,795","84,563,914","-35,828,362",0,"225,292,772","4,834,935,973"
2889,國票金,Mar-23,"3,470,106","11,766,279","31,474,719","7,240,866","256,940","147,192","264,820","4,799,695","357,844,285","11,338,020","14,826,564",0,0,0,"144,898","1,742,288","314,209,537","34,473,840",0,0,0,"34,473,840","234,007","5,046,461","-1,705,802",0,"43,634,748","357,844,285"
2890,永豐金,Mar-23,"35,811,371","16,590,556","99,184,714","13,213,378","2,325,197","3,539,563","2,360,831","24,836,765","2,684,163,541","23,348,143","54,339,484","18,437","71,243,595","6,660,713","3,019,951","2,976,226","2,510,402,406","121,337,646",0,0,0,"121,337,646","6,129,361","56,802,005","-10,507,877",0,"173,761,135","2,684,163,541"
2891,中信金,Mar-23,"112,687,606","102,872,971","229,126,237","48,762,425","39,213,458","17,021,768","104,036,146","54,744,129","7,861,850,737","6,995,944","109,439,171",0,"134,426,641",0,"16,337,940","1,846,846,817","7,436,980,713","195,838,008","4,999,900",0,0,"200,837,908","59,395,602","196,382,946","-55,304,758",0,"424,870,024","7,861,850,737"
2892,第一金,Mar-23,"50,127,067","5,134,460","55,169,464","27,576,657","1,013,571","2,400,979","12,130,235","4,811,681","4,258,760,481","22,721,389","53,922,231",0,"62,350,000","6,300,000","2,251,133","70,481,968","4,022,288,527","132,234,423",0,0,0,"132,234,423","26,107,218","67,815,046","10,315,267",0,"236,471,954","4,258,760,481"
5880,合庫金,Mar-23,"64,181,231","9,657,222","43,730,601","32,899,928","4,165,587","1,554,239","11,022,467","3,444,187","4,630,159,989","9,356,142","58,346,854",0,"82,790,000","9,283,261","1,537,426","32,988,981","4,397,908,043","140,089,354",0,0,0,"140,089,354","57,977,016","43,926,011","-15,333,767",0,"232,251,946","4,630,159,989"
2880,華南金,Dec-22,"57,466,418","8,052,711","47,020,578","32,718,699","968,134","2,021,323","12,627,100","3,985,125","3,630,161,728","7,455,302","37,923,753",0,"86,584,626","1,856,000","2,075,114","23,891,682","3,445,334,622","136,427,459",0,0,0,"136,427,459","17,758,986","48,876,041","-18,237,555",0,"184,827,106","3,630,161,728"
2881,富邦金,Dec-22,"316,596,903","25,488,097","243,228,598","65,272,146","34,192,088","9,974,378","305,826,478","56,193,707","10,587,756,710","19,777,031","171,470,259",0,"257,381,535","13,696,500","21,792,236","4,710,169,640","10,014,147,503","123,952,126","15,999,900",0,0,"139,952,026","171,017,736","481,144,311","-226,423,522",0,"573,609,207","10,587,756,710"
2882,國泰金,Dec-22,"412,013,900","108,925,321","217,153,186","108,550,891","51,636,617","4,833,197","448,140,598","100,135,437","12,070,885,583","15,064,455","73,787,470",0,"132,147,398","12,763,713","19,240,853","6,842,132,184","11,459,177,548","146,692,102","15,333,000",0,0,"162,025,102","215,318,047","454,847,472","-233,350,281",0,"611,708,035","12,070,885,583"
2883,開發金,Dec-22,"132,489,379","27,630,796","111,420,657","33,670,962","18,342,534","12,623,300","58,626,748","86,863,239","3,537,148,350","42,895,079","90,722,635",0,"91,643,007","23,675,664","4,603,517","2,094,580,716","3,328,362,974","168,453,886","15,821,424",0,0,"184,275,310","33,626,805","64,590,198","-73,829,040",0,"208,785,376","3,537,148,350"
2884,玉山金,Dec-22,"76,217,644","4,373,001","125,988,674","34,708,732","6,109,490","7,143,707","1,830,028","13,746,203","3,479,560,474","4,034,769","37,486,918",0,"43,850,000","3,500,491","4,303,812","1,114,461","3,282,469,520","142,751,000",0,0,0,"142,751,000","26,070,164","33,472,219","-5,367,107",0,"197,090,954","3,479,560,474"
2885,元大金,Dec-22,"76,338,164","32,145,357","202,341,992","25,503,491","30,959,908","11,515,532","10,487,451","59,043,456","3,016,118,537","107,890,168","154,026,563",0,"102,487,542","48,460,199","4,712,163","363,676,625","2,738,735,629","125,015,590",0,0,0,"125,015,590","38,010,564","100,310,163","-6,968,170",0,"277,382,908","3,016,118,537"
2886,兆豐金,Dec-22,"88,545,616","27,661,341","86,258,656","21,779,506","1,318,844","1,903,487","1,542,390","5,994,391","4,060,987,347","14,182,273","73,475,048",0,"20,000,000","17,348,000","1,956,726","33,053,040","3,761,177,894","139,398,196",0,0,0,"139,398,196","68,194,233","107,542,620","-15,325,596",0,"299,809,453","4,060,987,347"
2887,台新金,Dec-22,"31,549,218","76,900,485","153,714,625","26,025,852","3,530,907","2,282,006","3,811,280","16,965,759","2,764,804,547","12,638,659","30,774,802",0,"68,020,216","12,265,346","2,360,330","224,439,809","2,561,910,735","119,741,476","11,000,000",0,0,"130,741,476","38,197,778","41,221,894","-7,293,518",0,"202,893,812","2,764,804,547"
2888,新光金,Dec-22,"99,630,609","23,586,578","72,658,678","40,024,404","3,547,115","4,660,954","184,130,015","48,927,221","4,850,699,248","14,209,693","38,681,338",0,"58,000,000","3,324,591","11,605,381","3,294,706,402","4,638,569,546","154,876,182","2,970,000",0,0,"157,846,182","18,276,795","93,494,307","-57,896,223",0,"212,129,702","4,850,699,248"
2889,國票金,Dec-22,"3,739,279","7,286,049","25,000,980","7,260,430","259,646","147,693","265,260","4,455,761","358,338,860","6,904,871","13,918,848",0,0,0,"145,693","1,742,267","316,174,186","34,473,840",0,0,0,"34,473,840","234,079","4,440,872","-2,463,088",0,"42,164,674","358,338,860"
2890,永豐金,Dec-22,"66,231,664","11,228,049","90,209,758","13,287,583","2,310,197","3,646,832","2,390,819","30,775,495","2,588,763,257","20,250,570","50,521,956","18,437","71,242,261","6,345,638","3,132,839","3,099,728","2,434,744,520","113,837,646",0,0,0,"113,837,646","2,228,781","52,152,522","-14,200,212",0,"154,018,737","2,588,763,257"
2891,中信金,Dec-22,"133,810,551","112,631,759","223,214,005","49,024,168","39,264,903","17,433,219","101,486,456","46,884,577","7,720,493,113","10,747,567","102,380,066",0,"134,418,666",0,"16,988,265","1,866,524,163","7,327,670,855","195,840,746","4,999,900",0,0,"200,840,646","59,458,927","183,405,067","-74,208,394",0,"392,822,258","7,720,493,113"
2892,第一金,Dec-22,"72,208,162","3,984,797","48,686,706","27,698,974","1,102,917","2,470,597","12,110,510","5,333,630","4,157,195,982","24,456,692","52,503,677",0,"61,850,000","7,600,000","2,322,609","69,762,393","3,933,073,412","132,234,423",0,0,0,"132,234,423","26,107,218","61,151,006","4,629,923",0,"224,122,570","4,157,195,982"
5880,合庫金,Dec-22,"95,314,702","7,242,254","42,404,919","33,147,407","4,156,026","1,562,617","10,936,255","2,897,887","4,476,167,813","6,768,668","52,099,763",0,"80,290,000","9,352,346","1,538,102","32,268,462","4,255,404,636","140,089,354",0,0,0,"140,089,354","57,977,016","38,890,125","-21,509,719",0,"220,763,177","4,476,167,813"
2880,華南金,Sep-22,"39,175,888","11,179,078","51,240,432","33,048,260","937,271","2,132,752","12,182,614","5,300,651","3,618,929,855","9,485,126","58,442,279",0,"81,093,184","2,382,000","2,189,791","25,121,973","3,441,105,101","136,427,459",0,0,0,"136,427,459","17,758,986","45,086,501","-21,450,320",0,"177,824,754","3,618,929,855"
2881,富邦金,Sep-22,"286,678,955","49,287,344","232,789,775","65,216,025","33,768,312","10,159,243","303,165,485","85,567,825","10,722,331,438","30,692,927","161,472,416",0,"259,508,764","6,198,470","21,832,671","4,734,106,782","10,149,204,728","123,952,126","15,999,900",0,0,"139,952,026","168,792,297","517,278,958","-273,967,761",0,"573,126,710","10,722,331,438"
2882,國泰金,Sep-22,"192,327,910","96,304,264","209,371,204","98,034,583","52,067,009","4,408,324","445,671,734","182,517,752","11,889,627,463",,"72,634,921",0,"132,000,000","7,579,500","18,822,216","6,860,788,001","11,582,984,781","131,692,102","15,333,000",0,0,"147,025,102","177,122,144","478,102,541","-507,371,343",0,"306,642,682","11,889,627,463"
2883,開發金,Sep-22,"92,998,549","59,023,597","149,613,302","34,322,144","18,504,785","12,496,504","58,064,651","123,992,004","3,628,787,011","76,395,710","124,078,749",0,"91,893,333","28,638,354","4,486,705","2,122,031,984","3,460,346,352","168,460,886","15,821,424",0,0,"184,282,310","33,569,727","67,354,645","-117,102,696",0,"168,440,659","3,628,787,011"
2884,玉山金,Sep-22,"93,912,349","7,082,897","129,843,180","34,325,004","6,109,298","6,803,532","1,865,555","14,145,891","3,491,663,971","7,467,574","39,906,059",0,"41,550,000","2,505,974","3,912,707","1,109,734","3,306,086,179","142,751,000",0,0,0,"142,751,000","26,070,164","29,287,104","-12,684,117",0,"185,577,792","3,491,663,971"
2885,元大金,Sep-22,"60,294,624","40,390,140","220,414,092","24,778,540","30,922,700","11,411,894","10,113,070","82,165,077","2,978,625,777","122,646,594","170,854,421",0,"87,136,022","50,320,211","4,552,731","364,442,552","2,710,362,778","125,015,590",0,0,0,"125,015,590","37,928,633","99,027,238","-13,363,064",0,"268,262,999","2,978,625,777"
2886,兆豐金,Sep-22,"61,611,256","33,140,657","126,767,327","21,690,808","1,266,605","1,970,967","1,464,710","5,708,075","4,335,876,951","21,469,147","94,085,721",0,"7,500,000","15,838,000","2,036,691","37,958,427","4,043,098,767","139,398,196",0,0,0,"139,398,196","68,194,233","102,880,021","-17,694,266",0,"292,778,184","4,335,876,951"
2887,台新金,Sep-22,"34,438,618","87,225,291","160,401,991","22,317,604","3,466,048","2,321,804","2,846,087","31,243,663","2,745,394,188","21,391,936","38,242,012",0,"74,788,863","12,868,085","2,422,368","222,167,871","2,551,839,299","119,741,476","11,000,000",0,0,"130,741,476","38,197,778","34,368,010","-9,777,862",0,"193,554,889","2,745,394,188"
2888,新光金,Sep-22,"79,420,544","29,171,915","78,798,267","40,021,240","3,431,202","4,694,420","187,469,872","87,970,997","4,860,992,303","19,718,322","42,410,333",0,"62,938,037","2,961,891","12,262,232","3,325,030,701","4,684,405,118","154,876,182","2,970,000",0,0,"157,846,182","18,276,795","101,535,244","-101,478,063",0,"176,587,185","4,860,992,303"
2889,國票金,Sep-22,"3,271,945","9,925,428","28,976,131","7,422,870","253,954","162,767","127,458","4,613,980","360,442,706","9,374,735","14,550,861",0,0,0,"160,028","1,964,350","322,435,672","31,473,840",0,0,0,"31,473,840","208,319","4,273,781","-3,238,159",0,"38,007,034","360,442,706"
2890,永豐金,Sep-22,"71,433,745","16,626,181","99,578,470","13,332,071","2,292,783","3,816,706","2,408,284","37,534,222","2,505,920,215","20,719,227","55,083,485","18,437","71,688,291","8,366,046","3,294,607","3,475,319","2,358,222,634","113,837,646",0,0,0,"113,837,646","2,228,781","49,002,860","-17,371,706",0,"147,697,581","2,505,920,215"
2891,中信金,Sep-22,"118,117,607","105,624,877","234,046,600","48,908,115","38,707,986","17,669,318","94,581,919","71,285,715","7,655,282,863","8,862,752","94,509,251",0,"134,552,293",0,"17,076,809","1,909,336,492","7,303,997,450","194,969,896","4,999,900",0,0,"199,969,796","58,706,929","183,797,727","-112,794,569",0,"351,285,413","7,655,282,863"
2892,第一金,Sep-22,"42,935,792","5,161,252","47,427,812","27,350,470","902,882","2,348,026","12,119,824","6,247,377","4,028,407,017","17,934,093","46,635,353",0,"61,850,000","3,800,000","2,183,154","71,389,807","3,810,991,219","132,234,423",0,0,0,"132,234,423","26,107,218","55,995,800","3,078,357",0,"217,415,798","4,028,407,017"
5880,合庫金,Sep-22,"79,940,937","9,280,312","47,698,870","33,081,386","4,151,058","1,608,933","11,090,599","3,661,824","4,480,885,441","10,237,558","61,888,581",0,"82,950,000","12,392,788","1,591,748","34,126,805","4,274,204,236","140,089,354",0,0,0,"140,089,354","57,977,016","33,335,365","-29,709,825",0,"206,681,205","4,480,885,441"
2880,華南金,Jun-22,"37,019,494","13,962,766","54,613,897","33,041,560","913,166","2,093,897","12,083,802","4,809,121","3,632,588,285","13,013,259","119,246,829",0,"65,092,577","2,716,000","2,138,949","25,256,006","3,454,280,011","131,941,450",0,0,"4,486,009","136,427,459","17,758,986","39,800,935","-15,681,219",0,"178,308,274","3,632,588,285"
2881,富邦金,Jun-22,"246,959,132","69,706,317","258,356,081","64,992,481","33,860,627","10,497,407","305,160,279","59,309,293","10,471,072,007","31,992,044","207,671,897",0,"260,322,456","1,289,017","22,052,421","4,656,631,031","9,824,835,733","118,049,644","15,999,900",0,"5,902,482","139,952,026","168,823,026","503,362,792","-185,341,957",0,"646,236,274","10,471,072,007"
2882,國泰金,Jun-22,"226,789,570","84,936,505","218,205,893","97,695,894","51,475,684","4,390,689","440,912,033","114,230,147","11,583,284,097",,"127,916,024",0,"138,063,726","679,975","18,649,387","6,705,974,983","11,131,891,514","131,692,102","15,333,000",0,0,"147,025,102","177,122,144","474,498,126","-359,066,334",0,"451,392,583","11,583,284,097"
2883,開發金,Jun-22,"113,706,203","44,150,326","136,787,306","34,347,474","18,541,156","12,598,012","50,148,715","104,130,931","3,483,381,788","54,292,356","117,128,127",0,"91,770,877","33,166,224","4,546,353","2,073,658,223","3,296,516,907","171,894,123","18,930,436",0,0,"190,824,559","36,134,488","61,255,774","-92,606,409","-9,071,501","186,864,881","3,483,381,788"
2884,玉山金,Jun-22,"72,247,105","8,141,719","116,586,439","34,036,367","6,114,130","6,837,228","1,867,552","12,971,662","3,343,314,348","5,650,074","48,918,052",0,"40,850,000","1,629,412","3,955,634","1,106,338","3,159,591,133","133,546,000",0,0,"9,205,000","142,751,000","26,070,164","25,468,643","-10,717,960",0,"183,723,215","3,343,314,348"
2885,元大金,Jun-22,"57,202,757","51,568,055","244,611,845","24,340,815","30,959,342","11,567,715","10,070,414","73,971,503","2,982,313,625","142,860,469","200,709,198",0,"91,267,551","66,044,157","4,699,598","354,211,317","2,720,307,836","121,374,360",0,0,"3,641,230","125,015,590","37,890,734","91,015,961","-11,595,724",0,"262,005,789","2,982,313,625"
2886,兆豐金,Jun-22,"108,799,231","36,994,267","112,912,891","21,722,362","1,119,111","1,868,797","1,464,962","4,823,968","4,338,754,650","38,318,103","140,021,822",0,"7,500,000","3,910,000","1,924,633","39,947,868","4,042,472,008","135,998,240",0,0,"3,399,956","139,398,196","68,194,233","98,238,812","-9,548,599",0,"296,282,642","4,338,754,650"
2887,台新金,Jun-22,"26,905,832","98,801,698","165,907,526","22,257,627","3,283,959","2,438,809","2,850,263","26,417,751","2,633,695,947","18,455,145","49,830,214",0,"74,759,587","11,867,764","2,540,434","214,714,468","2,447,445,326","114,093,832","8,000,000",0,"5,647,644","127,741,476","35,921,647","28,927,444","-6,367,843",0,"186,250,621","2,633,695,947"
2888,新光金,Jun-22,"90,844,060","44,399,637","98,329,055","40,359,364","3,371,655","4,697,075","187,745,559","52,431,888","4,765,860,700","36,343,528","67,175,763",0,"60,125,394","3,335,050","12,186,437","3,253,959,616","4,561,014,939","154,876,182","2,970,000",0,0,"157,846,182","18,276,712","94,880,254","-66,540,489",0,"204,845,761","4,765,860,700"
2889,國票金,Jun-22,"3,417,878","12,541,227","32,325,756","7,447,766","246,493","163,731","127,689","4,300,798","352,070,049","11,838,043","17,473,335",0,0,0,"159,898","1,986,204","312,647,714","29,975,086",0,0,"1,498,754","31,473,840","208,101","3,864,846","-1,437,988",0,"39,422,335","352,070,049"
2890,永豐金,Jun-22,"51,895,216","17,628,252","110,106,876","13,358,482","2,232,921","3,820,127","2,412,851","32,366,953","2,386,375,632","23,661,910","70,752,001","18,437","70,983,482","9,359,746","3,278,530","3,505,792","2,238,152,385","112,710,541",0,0,"1,127,105","113,837,646","2,228,781","44,500,902","-12,344,082",0,"148,223,247","2,386,375,632"
2891,中信金,Jun-22,"121,274,282","89,004,273","218,209,546","48,859,618","38,612,811","17,540,492","93,927,445","53,043,077","7,316,758,487","7,044,500","120,754,182",0,"140,477,794",0,"16,825,223","1,861,160,557","6,948,394,894","194,969,896","4,999,900",0,0,"199,969,796","58,708,500","176,258,788","-88,486,625",0,"368,363,593","7,316,758,487"
2892,第一金,Jun-22,"41,795,696","6,647,375","50,711,706","27,341,806","860,216","2,438,850","12,129,768","6,599,753","3,966,589,476","20,602,787","81,656,654",0,"67,150,000","4,070,000","2,280,128","66,027,963","3,753,775,252","129,641,591",0,0,"2,592,832","132,234,423","26,107,218","50,012,477","4,460,106",0,"212,814,224","3,966,589,476"
5880,合庫金,Jun-22,"80,835,427","12,542,351","46,603,617","33,192,087","4,093,184","1,583,842","11,310,189","3,308,445","4,314,227,294","12,658,428","81,733,130",0,"71,800,000","3,023,241","1,539,550","34,061,644","4,102,673,465","136,009,082",0,0,"4,080,272","140,089,354","57,977,016","29,121,031","-20,963,035",0,"211,553,829","4,314,227,294"
2880,華南金,Mar-22,"33,258,791","14,737,233","56,403,678","32,342,616","950,871","2,199,985","12,224,204","4,948,518","3,549,844,724","13,751,019","38,488,212",0,"65,091,976","1,485,000","2,215,650","24,651,728","3,351,724,570","131,941,450",0,0,0,"131,941,450","17,758,986","48,643,508","-225,912",0,"198,120,154","3,549,844,724"
2881,富邦金,Mar-22,"258,226,283","68,754,180","252,454,394","65,115,891","34,351,143","10,229,800","304,991,193","58,070,970","10,577,255,212","51,784,202","160,745,305",0,"261,026,101","1,984,249","21,687,452","4,577,184,522","9,683,239,283","118,049,644","15,999,900",0,0,"134,049,544","173,404,074","525,294,559","29,197,798",0,"894,015,929","10,577,255,212"
2882,國泰金,Mar-22,"305,927,286","83,786,095","199,416,417","98,209,962","51,451,553","4,503,718","433,854,059","91,729,918","11,709,048,814",,"75,034,091",0,"142,360,991","1,822,066","14,714,418","6,586,034,465","10,942,169,778","131,692,102","15,333,000",0,0,"147,025,102","177,124,151","512,270,578","-81,692,906",0,"766,879,036","11,709,048,814"
2883,開發金,Mar-22,"127,016,387","61,787,443","150,778,602","34,484,588","18,681,612","12,754,760","50,054,146","108,585,617","3,501,296,779","58,768,904","100,729,413",0,"91,759,044","23,733,297","4,660,764","2,035,594,545","3,238,756,672","171,913,673","18,930,436",0,0,"190,844,109","36,142,397","73,874,314","-29,591,673","-9,071,501","262,540,107","3,501,296,779"
2884,玉山金,Mar-22,"83,283,364","11,750,022","119,207,262","34,077,535","6,121,535","6,950,326","1,904,129","10,233,769","3,292,513,858","12,597,533","31,010,210",0,"41,370,000","2,098,740","4,046,214","1,096,243","3,096,059,778","133,546,000",0,0,"205,000","133,751,000","26,070,164","40,900,031","-4,427,565",0,"196,454,080","3,292,513,858"
2885,元大金,Mar-22,"68,507,664","58,366,531","267,877,968","24,451,870","31,019,711","11,391,939","10,022,855","90,647,606","3,058,204,817","155,870,133","204,041,354",0,"82,613,202","65,430,984","4,471,671","344,797,033","2,770,693,560","121,374,360",0,0,0,"121,374,360","37,885,949","107,405,191","582,749",0,"287,511,257","3,058,204,817"
2886,兆豐金,Mar-22,"124,281,958","38,162,135","104,968,958","21,603,308","993,887","1,897,749","1,361,890","5,630,520","4,375,936,472","32,620,408","84,464,540",0,"7,500,000","1,115,000","1,950,231","30,230,805","4,048,165,358","135,998,240",0,0,0,"135,998,240","68,194,233","119,268,822","4,309,819",0,"327,771,114","4,375,936,472"
2887,台新金,Mar-22,"35,796,387","105,053,935","176,523,645","22,421,709","3,217,777","2,492,318","2,854,440","27,152,868","2,634,166,713","19,190,480","33,672,833",0,"70,100,000","12,722,238","2,602,230","208,805,615","2,433,449,554","114,093,832","8,000,000",0,0,"122,093,832","35,921,647","40,850,251","1,820,059",0,"200,717,159","2,634,166,713"
2888,新光金,Mar-22,"85,849,974","36,496,561","90,732,402","40,377,175","3,382,749","4,824,443","188,220,784","51,117,929","4,750,663,875","24,224,874","48,954,589",0,"55,112,920","5,459,330","12,202,388","3,208,107,430","4,503,760,765","141,459,649","2,970,000","646,144",0,"145,075,793","18,996,853","102,414,629","-20,010,737",0,"246,903,110","4,750,663,875"
2889,國票金,Mar-22,"3,134,626","12,396,118","34,593,411","7,563,883","243,624","148,228","44,667","4,417,733","336,355,200","12,586,674","15,135,692",0,0,0,"144,108","1,986,797","293,445,530","29,975,086",0,0,0,"29,975,086","208,461","6,931,273","453,355",0,"42,909,670","336,355,200"
2890,永豐金,Mar-22,"43,001,897","20,874,780","112,898,392","13,353,066","2,233,096","3,863,772","2,417,845","32,453,599","2,422,429,544","37,067,524","57,234,194","18,437","67,990,071","8,045,069","3,297,169","3,582,546","2,259,084,137","112,710,541",0,0,0,"112,710,541","2,228,764","50,438,624","-2,032,522",0,"163,345,407","2,422,429,544"
2891,中信金,Mar-22,"137,073,851","89,614,700","217,105,719","49,128,575","38,516,474","17,103,938","93,238,063","48,567,185","7,163,632,929","5,083,683","93,148,141",0,"139,534,431",0,"16,164,995","1,827,490,483","6,721,785,627","194,969,896","4,999,900",0,0,"199,969,796","58,708,500","193,744,159","-33,592,608",0,"441,847,302","7,163,632,929"
2892,第一金,Mar-22,"44,976,037","7,107,059","57,503,316","27,348,666","936,513","2,416,690","12,118,353","6,044,547","3,911,335,004","20,398,503","44,864,029",0,"67,150,000","560,000","2,247,508","62,680,035","3,680,718,621","129,641,591",0,0,0,"129,641,591","26,107,218","60,174,995","14,692,579",0,"230,616,383","3,911,335,004"
5880,合庫金,Mar-22,"80,803,339","12,577,044","48,401,596","33,260,072","4,026,399","1,586,293","11,002,555","3,327,688","4,417,719,747","14,914,621","55,212,289",0,"82,100,000","4,340,409","1,556,656","34,852,076","4,177,184,547","136,009,082",0,0,0,"136,009,082","57,976,124","41,451,107","-1,207,623",0,"240,535,200","4,417,719,747"
2880,華南金,Dec-21,"42,752,408","18,894,468","60,275,356","32,434,819","942,413","1,960,405","12,117,002","5,112,874","3,460,953,918","18,584,020","44,198,933",0,"67,891,382","2,340,340","1,984,400","22,986,431","3,260,247,111","131,941,450",0,0,0,"131,941,450","17,758,986","44,723,567","6,280,718",0,"200,706,807","3,460,953,918"
2881,富邦金,Dec-21,"284,688,160","36,864,077","255,321,792","65,372,933","33,848,605","10,051,706","303,052,029","74,529,942","10,499,733,326","42,559,035","196,749,294",0,"266,168,615","1,270,866","21,477,286","4,485,442,224","9,515,890,829","118,049,644","15,999,900",0,0,"134,049,544","173,363,019","478,692,234","163,464,512",0,"983,842,497","10,499,733,326"
2882,國泰金,Dec-21,"467,635,057","103,508,739","205,480,862","97,852,266","51,543,583","4,362,776","432,525,464","58,477,264","11,594,361,461","24,269,695","76,870,285",0,"141,800,000","1,670,185","14,721,170","6,448,259,356","10,680,322,734","131,692,102","15,333,000",0,0,"147,025,102","177,244,388","477,986,919","99,781,737",0,"914,038,727","11,594,361,461"
2883,開發金,Dec-21,"167,862,826","40,265,407","130,448,138","34,051,875","18,742,494","12,590,590","35,299,898","102,154,401","3,458,639,948","53,875,051","102,849,601",0,"92,441,122","22,557,523","4,455,216","1,993,971,267","3,165,529,196","171,896,598","18,930,436","31,175",0,"190,858,209","36,147,480","62,355,858","12,490,292","-9,071,501","293,110,752","3,458,639,948"
2884,玉山金,Dec-21,"85,237,301","7,138,688","124,412,124","33,881,468","6,176,279","6,933,260","1,855,043","13,892,197","3,230,908,277","7,050,531","32,756,248",0,"41,370,000","958,817","3,998,061","1,089,345","3,036,523,635","133,546,000",0,0,0,"133,546,000","25,662,214","36,091,761","-1,074,086",0,"194,384,642","3,230,908,277"
2885,元大金,Dec-21,"80,735,621","64,141,857","263,703,360","24,468,584","31,046,281","12,443,951","10,693,522","86,867,819","3,023,019,302","161,134,546","214,482,994",0,"82,539,085","59,998,200","5,720,785","336,342,258","2,733,939,597","121,374,360",0,0,0,"121,374,360","37,885,949","101,364,961","8,410,191",0,"289,079,705","3,023,019,302"
2886,兆豐金,Dec-21,"140,618,308","38,226,578","96,630,962","21,670,526","1,017,030","1,854,439","1,341,321","7,140,436","4,168,264,859","30,802,703","84,963,858",0,"6,000,000","1,260,000","1,903,356","29,941,604","3,839,865,976","135,998,240",0,0,0,"135,998,240","68,194,233","113,046,484","11,159,926",0,"328,398,883","4,168,264,859"
2887,台新金,Dec-21,"27,561,283","104,505,779","180,655,171","22,469,854","3,284,761","2,573,461","2,858,617","13,902,250","2,512,560,489","18,907,997","34,536,010",0,"70,100,000","12,867,620","2,653,717","200,846,734","2,314,459,161","114,093,832","8,000,000",0,0,"122,093,832","35,921,647","38,701,004","1,350,795",0,"198,101,328","2,512,560,489"
2888,新光金,Dec-21,"85,239,730","35,878,508","89,059,843","40,079,679","3,423,725","4,918,492","182,591,193","38,813,197","4,685,262,887","26,161,927","57,626,292",0,"55,900,638","783,962","7,534,691","3,137,944,413","4,421,880,510","140,417,721","2,970,000","1,041,928",0,"144,429,649","19,136,235","98,335,983","1,068,097",0,"263,382,377","4,685,262,887"
2889,國票金,Dec-21,"2,277,534","12,270,591","34,115,876","7,576,526","246,351","155,561","44,734","7,860,931","349,885,764","12,111,651","17,323,653",0,0,0,"151,627","2,015,991","305,701,954","29,975,086",0,0,0,"29,975,086","158,167","6,525,545","2,314,646","-106,346","44,183,810","349,885,764"
2890,永豐金,Dec-21,"48,521,295","18,272,941","110,085,509","13,378,256","2,212,500","3,698,819","2,422,645","40,161,920","2,382,674,862","27,963,377","55,543,537","18,437","62,972,832","7,605,593","3,129,982","3,802,653","2,219,871,010","112,710,541",0,0,0,"112,710,541","2,228,764","45,906,514","1,958,033",0,"162,803,852","2,382,674,862"
2891,中信金,Dec-21,"130,417,110","97,519,636","212,309,442","49,406,003","38,565,906","17,178,722","93,017,563","41,095,844","7,083,525,780","8,419,903","93,357,280",0,"132,281,103",0,"16,497,355","1,787,454,678","6,630,924,330","194,969,896","4,999,900",0,0,"199,969,796","58,708,500","177,590,639","-5,813,780",0,"452,601,450","7,083,525,780"
2892,第一金,Dec-21,"60,653,137","8,238,348","53,802,322","27,492,634","1,009,262","2,413,371","11,952,173","9,603,798","3,739,593,907","29,710,739","52,255,790",0,"57,800,000","390,000","2,240,307","59,249,644","3,515,047,049","129,641,591",0,0,0,"129,641,591","26,107,218","55,172,383","13,625,666",0,"224,546,858","3,739,593,907"
5880,合庫金,Dec-21,"99,816,104","13,319,025","44,209,985","33,372,509","3,873,017","1,509,935","10,881,442","6,231,556","4,433,836,855","13,195,669","61,279,814",0,"82,100,000","804,894","1,463,113","35,220,482","4,190,958,263","136,009,082",0,0,0,"136,009,082","57,976,124","35,073,550","7,168,718",0,"242,878,592","4,433,836,855"
2880,華南金,Sep-21,"33,817,530","21,785,370","60,947,363","31,747,319","898,206","1,985,179","11,799,156","3,724,037","3,396,958,881","20,984,628","58,291,613",0,"68,790,781","1,634,340","1,961,041","23,167,920","3,199,185,058","131,941,450",0,0,0,"131,941,450","17,758,986","41,660,298","6,411,032",0,"197,773,823","3,396,958,881"
2881,富邦金,Sep-21,"267,787,048","115,564,664","291,235,674","65,625,048","33,553,708","10,938,489","301,552,629","56,308,460","10,158,283,533","61,537,402","173,540,916",0,"266,360,006","2,903,772","21,495,827","4,425,590,777","9,279,244,531","112,569,644","12,666,600","2,291,123",0,"127,527,367","129,550,548","465,176,774","124,075,045","-722,690","879,039,002","10,158,283,533"
2882,國泰金,Sep-21,"476,817,293","85,416,727","189,383,985","99,276,642","52,106,253","4,221,277","429,598,353","54,113,144","11,383,850,222",,"107,446,145",0,"141,800,000","1,288,320","14,663,920","6,349,029,048","10,513,817,017","131,692,102","15,333,000",0,0,"147,025,102","177,247,370","458,326,566","76,166,735",0,"870,033,205","11,383,850,222"
2883,開發金,Sep-21,"152,297,636","53,011,146","137,172,345","34,659,343","18,811,438","13,721,524","29,968,332","89,385,985","3,392,342,353","63,579,617","112,658,977",0,"77,601,445","22,109,066","4,259,633","1,965,664,606","3,087,362,991","150,051,005",0,0,0,"150,051,005","11,975,553","58,243,807","1,951,929",0,"304,979,362","3,392,342,353"
2884,玉山金,Sep-21,"59,477,489","9,145,403","120,434,631","33,315,706","6,172,633","6,954,767","1,763,880","6,275,286","3,052,337,471","11,466,095","38,392,627",0,"39,770,000","1,153,829","3,948,599","1,017,674","2,862,676,622","133,546,000",0,0,0,"133,546,000","25,662,214","31,184,674","-878,373",0,"189,660,849","3,052,337,471"
2885,元大金,Sep-21,"73,297,712","63,550,499","266,081,221","24,227,462","31,286,906","12,650,031","10,805,127","76,733,888","2,982,034,826","162,845,274","218,453,970",0,"87,790,535","56,140,173","5,890,437","329,181,820","2,699,667,759","121,374,360",0,0,0,"121,374,360","37,885,949","95,507,952","7,186,287",0,"282,367,067","2,982,034,826"
2886,兆豐金,Sep-21,"145,594,394","38,414,206","98,449,287","21,620,739","957,791","1,864,608","1,363,857","6,152,724","4,204,214,016","29,711,963","98,679,779",0,"6,000,000","520,000","1,922,708","30,398,725","3,880,759,026","135,998,240",0,0,0,"135,998,240","68,194,233","106,515,050","12,747,467",0,"323,454,990","4,204,214,016"
2887,台新金,Sep-21,"36,291,205","103,287,175","176,001,150","22,490,949","3,240,539","2,695,310","2,858,743","12,617,208","2,471,989,685","21,201,291","43,397,897",0,"70,100,000","12,698,391","2,769,865","195,068,264","2,277,105,420","114,093,832","8,000,000",0,0,"122,093,832","35,921,647","36,442,217","389,440",0,"194,884,265","2,471,989,685"
2888,新光金,Sep-21,"80,148,509","39,969,923","91,266,872","40,648,135","3,338,413","5,059,900","178,936,941","34,296,954","4,590,106,667","40,186,662","62,778,914",0,"58,888,798","4,235,722","7,614,060","3,103,677,020","4,340,350,191","140,203,941","2,970,000","213,780",0,"143,387,721","19,359,456","97,324,914","-10,709,756",0,"249,756,476","4,590,106,667"
2889,國票金,Sep-21,"2,255,561","14,127,377","35,285,202","7,448,152","231,414","130,599","44,801","4,130,230","337,301,520","12,850,679","18,854,477",0,0,0,"130,688","1,770,020","293,787,996","28,964,817",0,0,"1,010,269","29,975,086","156,037","5,754,059","2,703,375","-106,346","43,513,524","337,301,520"
2890,永豐金,Sep-21,"30,935,074","19,381,195","105,776,159","13,242,387","2,217,441","3,721,344","2,427,516","22,667,618","2,268,476,923","23,660,276","55,072,641","18,437","52,995,174","10,029,598","3,142,840","3,822,467","2,108,830,665","112,710,541",0,0,0,"112,710,541","2,228,764","42,321,036","2,385,917",0,"159,646,258","2,268,476,923"
2891,中信金,Sep-21,"132,864,187","94,380,874","192,174,081","49,285,014","24,433,201","16,675,490","92,249,726","38,231,163","6,741,334,875","7,153,172","96,152,356",0,"128,883,085",0,"15,845,428","1,770,304,685","6,326,646,592","194,969,896","4,999,900",0,0,"199,969,796","58,704,517","172,398,523","-16,460,574",0,"414,688,283","6,741,334,875"
2892,第一金,Sep-21,"43,069,096","7,660,634","48,579,992","27,349,063","744,877","2,444,955","11,269,775","5,759,416","3,625,891,409","21,091,693","46,705,752",0,"46,800,000","400,000","2,274,807","57,540,845","3,402,835,749","129,641,591",0,0,0,"129,641,591","26,107,218","51,498,991","15,807,860",0,"223,055,660","3,625,891,409"
5880,合庫金,Sep-21,"65,600,759","12,166,780","41,475,340","33,183,230","3,850,203","1,565,973","10,993,687","3,448,258","4,314,457,486","12,305,807","60,425,712",0,"81,100,000","561,743","1,537,735","35,630,960","4,073,698,535","136,009,082",0,0,0,"136,009,082","57,976,124","31,450,341","8,585,993",0,"240,758,951","4,314,457,486"
2880,華南金,Jun-21,"32,934,881","24,370,135","63,281,398","31,751,375","941,061","1,856,297","11,653,441","5,257,979","3,298,258,000","24,626,143","82,988,156",0,"71,690,180","2,904,250","1,814,923","23,498,772","3,098,585,139","128,547,788",0,0,0,"128,547,788","17,758,986","43,214,977","10,149,103",0,"199,672,861","3,298,258,000"
2881,富邦金,Jun-21,"237,501,896","73,533,741","250,407,778","64,120,751","33,609,636","8,446,921","304,911,051","56,436,183","9,992,413,269","94,024,878","239,484,693",0,"261,357,264","1,569,322","21,633,682","4,393,395,351","9,115,658,157","102,336,040","12,666,600",0,"10,233,604","125,236,244","128,594,028","421,119,899","168,144,626","-698,392","876,755,112","9,992,413,269"
2882,國泰金,Jun-21,"544,477,045","80,492,968","190,169,621","99,362,398","52,646,092","4,168,739","429,841,499","55,706,122","11,318,443,471",,"157,844,631",0,"141,800,000","1,962,265","14,486,802","6,279,543,571","10,421,026,919","131,692,102","15,333,000",0,0,"147,025,102","177,251,872","427,879,633","133,980,387",0,"897,416,552","11,318,443,471"
2883,開發金,Jun-21,"160,037,493","76,112,969","191,831,228","35,157,330","19,012,943","13,847,475","30,022,906","95,234,507","3,498,255,860","92,551,651","136,525,792",0,"72,332,612","46,962,583","4,340,685","1,945,908,444","3,187,378,066","149,898,550",0,"13,650",0,"149,912,200","11,998,917","52,531,695","11,403,074",0,"310,877,794","3,498,255,860"
2884,玉山金,Jun-21,"56,221,657","14,695,836","114,837,479","33,278,991","6,178,850","7,129,215","1,777,192","8,801,610","3,000,670,631","12,744,151","40,507,443",0,"40,670,000","585,192","4,114,085","998,622","2,807,945,384","125,671,000",0,0,"195,000","125,866,000","25,662,214","41,494,306","-437,613",0,"192,725,247","3,000,670,631"
2885,元大金,Jun-21,"69,103,373","121,456,804","322,503,904","23,949,122","31,254,887","12,631,652","11,375,181","70,913,568","3,014,518,510","222,537,362","295,314,516",0,"90,466,681","72,123,627","5,859,748","325,195,965","2,737,315,853","121,374,360",0,0,0,"121,374,360","37,885,949","87,097,773","10,355,894",0,"277,202,657","3,014,518,510"
2886,兆豐金,Jun-21,"122,765,555","60,689,251","121,023,502","21,931,924","998,451","1,859,253","1,107,623","6,951,456","4,234,082,059","52,460,621","157,876,348",0,"6,000,000","1,531,347","1,910,123","30,386,821","3,915,707,609","135,998,240",0,0,0,"135,998,240","68,194,233","99,478,176","14,703,801",0,"318,374,450","4,234,082,059"
2887,台新金,Jun-21,"25,148,158","95,288,882","161,613,386","22,481,477","3,287,341","2,686,991","2,862,912","12,237,188","2,472,368,252","33,908,212","55,561,560",0,"70,100,000","12,429,729","2,786,353","189,267,629","2,274,115,988","109,136,172","8,000,000",0,0,"117,136,172","35,921,647","45,060,006","94,449",0,"198,252,264","2,472,368,252"
2888,新光金,Jun-21,"105,615,352","59,308,009","119,217,391","32,331,025","3,345,510","5,124,001","187,063,601","33,637,664","4,557,945,191","59,014,230","82,826,535",0,"60,360,896","2,006,776","7,637,381","3,065,926,095","4,309,909,174","130,203,941","2,970,000",0,0,"133,173,941","21,037,972","95,890,613","-2,432,084",0,"248,036,017","4,557,945,191"
2889,國票金,Jun-21,"2,792,201","25,126,119","46,119,195","7,441,572","232,118","135,026","44,868","3,549,672","343,095,701","24,462,727","29,065,810",0,0,0,"135,450","1,706,270","298,526,442","28,964,817",0,0,0,"28,964,817","156,037","7,860,720","2,798,641","-106,346","44,569,259","343,095,701"
2890,永豐金,Jun-21,"26,277,293","36,516,317","115,359,648","13,152,946","2,226,359","3,520,569","2,457,866","18,526,738","2,281,820,457","36,781,037","63,567,785","18,437","55,994,345","18,567,873","2,915,314","3,810,049","2,117,688,152","112,710,541",0,0,0,"112,710,541","2,228,764","45,690,969","3,502,031",0,"164,132,305","2,281,820,457"
2891,中信金,Jun-21,"158,613,452","72,764,580","167,211,567","49,613,194","24,477,589","17,170,001","89,906,003","44,948,166","6,695,193,567","8,508,821","105,636,535",0,"132,882,346",0,"16,227,726","1,756,564,764","6,266,292,567","194,969,896","4,999,900",0,0,"199,969,796","58,732,202","179,108,531","-8,985,357",0,"428,901,000","6,695,193,567"
2892,第一金,Jun-21,"44,007,234","12,504,130","53,855,980","27,449,918","783,527","2,527,958","11,278,121","6,497,885","3,600,729,095","26,326,725","69,296,653",0,"46,800,000",0,"2,355,263","55,241,381","3,371,550,492","128,358,011",0,0,0,"128,358,011","26,107,218","58,732,725","15,980,649",0,"229,178,603","3,600,729,095"
5880,合庫金,Jun-21,"58,108,161","24,513,605","49,750,404","33,268,226","3,864,096","1,587,997","11,019,291","3,347,734","4,310,890,779","24,990,853","75,245,786",0,"71,100,000","492,594","1,532,540","36,113,543","4,062,546,936","133,342,237",0,0,0,"133,342,237","57,974,241","39,703,586","10,593,832",0,"248,343,843","4,310,890,779"
2880,華南金,Mar-21,"34,774,343","21,006,363","57,751,472","31,743,644","970,599","1,944,902","11,983,869","4,422,772","3,278,678,917","23,283,145","46,217,576",0,"60,689,586","1,776,040","1,892,633","23,036,388","3,085,270,325","128,547,788",0,0,0,"128,547,788","17,758,986","37,741,785","9,357,986",0,"193,408,592","3,278,678,917"
2881,富邦金,Mar-21,"270,358,909","93,427,886","271,173,288","65,091,234","33,409,872","7,993,449","304,539,113","54,823,914","9,698,222,622","64,346,510","162,529,008",0,"266,181,133","1,342,788","22,233,131","4,355,961,172","8,845,558,110","102,336,040","12,666,600",0,0,"115,002,640","137,668,649","419,574,048","145,208,491","-680,246","852,664,512","9,698,222,622"
2882,國泰金,Mar-21,"448,129,821","101,327,349","204,782,871","98,352,016","53,569,485","4,145,216","422,266,940","73,047,890","11,080,841,580",,"84,660,437",0,"147,300,000","819,855","14,395,259","6,220,022,671","10,216,016,505","131,692,102","15,333,000",0,0,"147,025,102","177,256,371","429,471,544","100,001,617",0,"864,825,075","11,080,841,580"
2883,開發金,Mar-21,"114,249,689","58,576,997","153,528,373","34,853,794","19,307,056","13,942,436","30,285,628","100,569,581","3,426,117,789","78,552,561","120,221,498",0,"71,554,882","23,069,688","4,389,446","1,929,483,077","3,131,865,333","149,736,024",0,"60,615",0,"149,796,639","11,821,316","44,692,538","8,998,834","-698,576","294,252,456","3,426,117,789"
2884,玉山金,Mar-21,"48,361,767","10,006,475","109,846,139","36,070,507","6,166,035","3,122,543","1,800,585","8,638,211","2,928,281,150","11,969,019","30,263,637",0,"38,670,000","1,032,884","3,224,486","868,979","2,740,755,849","125,671,000",0,0,"195,000","125,866,000","25,662,214","36,018,856","-156,137",0,"187,525,301","2,928,281,150"
2885,元大金,Mar-21,"68,534,771","81,811,075","267,951,643","24,157,427","31,381,987","12,891,577","11,207,131","73,268,030","2,834,103,896","187,656,636","245,094,657",0,"80,290,894","53,795,727","6,087,775","319,471,569","2,552,379,394","121,374,360",0,0,0,"121,374,360","37,885,949","91,334,283","10,357,402",0,"281,724,502","2,834,103,896"
2886,兆豐金,Mar-21,"122,234,311","41,690,046","97,918,395","21,921,473","963,401","1,874,504","1,109,719","6,055,590","4,076,698,814","33,314,811","83,566,251",0,"13,100,000","125,000","1,922,505","30,297,896","3,746,374,959","135,998,240",0,0,0,"135,998,240","68,194,233","114,538,073","11,593,309",0,"330,323,855","4,076,698,814"
2887,台新金,Mar-21,"23,468,718","98,248,269","165,591,522","19,165,689","3,305,234","2,711,158","941,645","12,146,069","2,236,709,575","33,464,777","44,364,583",0,"70,100,000","11,657,222","2,819,254","1,885,657","2,047,179,639","109,133,102","8,000,000","2,026",0,"117,135,128","35,922,691","35,740,639","687,163",0,"189,529,936","2,236,709,575"
2888,新光金,Mar-21,"114,640,808","36,942,582","101,290,007","33,017,616","3,304,527","5,078,346","183,747,851","36,499,647","4,444,273,214","29,416,405","65,603,488",0,"64,344,387","4,146,110","7,595,294","3,033,482,248","4,212,894,797","130,203,941","2,970,000",0,0,"133,173,941","21,037,972","91,193,357","-14,437,042",0,"231,378,417","4,444,273,214"
2889,國票金,Mar-21,"2,310,677","16,271,118","35,915,868","7,470,905","237,966","129,288",0,"2,577,992","329,796,244","16,626,652","19,711,808",0,0,0,"129,752","1,720,775","286,857,580","28,964,817",0,0,0,"28,964,817","156,037","6,905,076","2,404,304","-106,346","42,938,664","329,796,244"
2890,永豐金,Mar-21,"24,585,392","19,826,870","95,247,863","13,105,099","2,228,447","3,574,990","2,446,741","17,567,671","2,213,662,891","32,361,581","54,339,281","18,437","52,508,091","14,094,337","2,971,982","3,777,832","2,054,878,504","112,710,541",0,0,0,"112,710,541","2,228,764","41,487,240","2,357,842",0,"158,784,387","2,213,662,891"
2891,中信金,Mar-21,"115,164,233","80,573,288","172,891,578","50,047,213","24,415,633","15,817,008","90,152,918","43,006,683","6,629,734,527","5,666,175","91,094,119",0,"131,881,608",0,"14,763,334","1,765,044,761","6,221,215,714","194,969,896","4,999,900",0,0,"199,969,796","58,754,544","165,244,707","-15,527,049",0,"408,518,813","6,629,734,527"
2892,第一金,Mar-21,"44,998,544","8,746,514","52,785,292","27,590,382","852,167","2,633,610","11,298,443","5,387,964","3,539,910,807","10,460,941","43,702,604",0,"47,300,000","300,000","2,447,157","53,528,414","3,315,117,768","128,358,011",0,0,0,"128,358,011","26,107,218","52,837,317","17,490,493",0,"224,793,039","3,539,910,807"
5880,合庫金,Mar-21,"46,343,889","14,937,571","42,993,943","33,312,552","3,878,323","1,611,153","11,373,704","3,069,007","4,203,324,911","17,654,977","53,034,335",0,"71,600,000","1,293,502","1,574,831","37,187,650","3,962,204,164","133,342,237",0,0,0,"133,342,237","57,974,241","33,203,508","9,837,185",0,"241,120,747","4,203,324,911"
2880,華南金,Dec-20,"37,562,976","18,439,873","51,486,371","31,777,373","933,108","1,987,287","11,411,897","5,607,796","3,101,082,238","18,271,328","40,262,838",0,"60,688,999","1,490,500","1,954,177","23,747,147","2,911,678,073","128,547,788",0,0,0,"128,547,788","17,758,986","33,650,292","9,445,096",0,"189,404,165","3,101,082,238"
2881,富邦金,Dec-20,"274,648,375","27,367,710","205,449,786","58,089,952","33,169,730","6,754,636","303,764,792","55,755,371","9,244,452,655","25,994,725","136,025,909",0,"269,517,288","1,403,553","21,273,724","4,283,877,294","8,467,669,859","102,336,040","12,666,600",0,0,"115,002,640","137,665,154","369,824,069","140,377,046",0,"776,782,796","9,244,452,655"
2882,國泰金,Dec-20,"536,716,255","108,075,618","191,916,164","98,405,132","54,002,407","4,138,543","419,476,228","66,074,603","10,950,472,444","17,658,267","68,696,694",0,"148,800,000","1,657,576","13,011,637","6,117,073,219","10,045,696,763","131,692,102","15,333,000",0,0,"147,025,102","177,256,053","371,468,940","197,311,121",0,"904,775,681","10,950,472,444"
2883,開發金,Dec-20,"121,169,093","47,615,757","138,547,338","35,343,870","19,537,371","14,049,764","29,953,756","94,265,129","3,434,618,475","59,424,873","103,096,646",0,"62,981,293","25,477,711","4,454,005","1,902,468,183","3,101,992,388","149,729,414",0,"3,298",0,"149,732,712","1,627,728","34,190,500","18,363,815","-1,178,647","332,626,087","3,434,618,475"
2884,玉山金,Dec-20,"54,640,670","10,521,081","116,686,211","33,290,884","6,167,861","3,168,210","1,827,047","7,847,214","2,971,744,682","10,751,849","33,872,856",0,"39,970,000","1,213,342","3,275,399","1,159,384","2,790,144,105","125,671,000",0,0,0,"125,671,000","25,350,214","30,304,168","143,010",0,"181,600,577","2,971,744,682"
2885,元大金,Dec-20,"77,497,198","74,181,496","242,476,446","23,930,017","31,498,648","13,181,478","11,558,284","61,843,636","2,757,725,203","176,654,965","246,833,686",0,"78,790,127","57,796,061","6,368,836","313,071,935","2,484,107,757","121,374,360",0,0,0,"121,374,360","37,885,949","81,516,757","12,559,523",0,"273,617,446","2,757,725,203"
2886,兆豐金,Dec-20,"119,427,578","37,852,607","89,970,775","21,950,817","960,918","1,837,841","1,111,518","9,180,225","3,856,376,532","37,255,787","89,502,574",0,"18,000,000","338,028","1,881,625","30,059,406","3,529,787,572","135,998,240",0,0,0,"135,998,240","68,194,233","108,207,754","14,188,733",0,"326,588,960","3,856,376,532"
2887,台新金,Dec-20,"24,467,895","92,390,491","163,895,050","19,208,595","3,272,025","2,879,350","923,033","8,354,928","2,196,059,206","32,578,165","47,272,379",0,"70,100,000","11,180,264","2,978,858","1,910,042","2,009,949,824","109,115,662","8,000,000","11,336",0,"117,126,998","35,928,795","31,180,784","1,825,646",0,"186,109,382","2,196,059,206"
2888,新光金,Dec-20,"127,052,114","35,056,422","89,644,281","33,010,092","3,096,982","4,742,815","180,511,091","28,950,060","4,357,123,796","24,101,990","51,511,887",0,"64,328,072","3,332,033","6,820,371","2,995,082,979","4,115,544,938","130,203,941","2,970,000",0,0,"133,173,941","20,502,607","81,023,347","6,595,942","-115,053","241,578,858","4,357,123,796"
2889,國票金,Dec-20,"2,622,153","13,053,174","30,865,519","7,469,422","232,370","146,563","7,120","2,464,165","316,757,486","13,110,839","18,306,953",0,0,0,"147,141","1,752,322","274,019,675","28,964,817",0,0,0,"28,964,817","156,037","5,541,749","3,682,457","-106,346","42,737,811","316,757,486"
2890,永豐金,Dec-20,"30,813,465","19,292,219","90,627,076","13,218,774","2,187,368","3,426,080","2,451,753","20,044,802","2,143,348,565","27,657,681","50,459,681","18,437","52,510,597","13,735,761","2,824,915","3,820,405","1,987,478,833","112,710,541",0,0,0,"112,710,541","2,228,764","36,564,653","4,365,774",0,"155,869,732","2,143,348,565"
2891,中信金,Dec-20,"142,085,440","88,400,759","179,275,408","49,310,211","24,603,501","16,209,281","86,925,071","44,392,100","6,616,667,179","7,334,190","95,998,453",0,"125,380,870",0,"15,442,031","1,760,399,327","6,211,356,439","194,969,896","4,999,900",0,0,"199,969,796","58,754,923","145,408,689","1,097,162",0,"405,310,740","6,616,667,179"
2892,第一金,Dec-20,"45,758,959","7,212,210","44,679,517","27,278,460","919,331","2,675,827","11,172,304","9,441,994","3,494,501,509","20,260,707","40,445,835",0,"48,950,000","500,000","2,484,113","50,507,569","3,273,294,640","128,358,011",0,0,0,"128,358,011","26,107,218","47,684,640","19,057,000",0,"221,206,869","3,494,501,509"
5880,合庫金,Dec-20,"50,865,216","12,589,625","37,306,638","33,451,779","3,888,623","1,704,880","11,418,672","3,382,377","4,147,041,390","13,029,047","48,083,228",0,"71,600,000","815,302","1,649,746","38,262,395","3,909,359,833","133,342,237",0,0,0,"133,342,237","57,974,241","27,367,215","12,366,076",0,"237,681,557","4,147,041,390"
2880,華南金,Sep-20,"35,494,112","12,314,807","44,979,380","31,720,693","934,266","2,028,170","11,404,367","7,187,786","2,942,491,031","11,858,606","47,221,769",0,"63,188,404","1,381,580","1,991,288","22,590,411","2,757,451,264","128,547,788",0,0,0,"128,547,788","17,758,986","30,210,662","8,520,358",0,"185,039,767","2,942,491,031"
2881,富邦金,Sep-20,"289,954,805","89,312,286","227,146,132","58,017,644","32,065,084","6,652,049","301,022,315","65,678,509","8,957,627,533","36,408,936","138,648,419",0,"262,280,608","1,356,720","21,068,844","4,225,792,760","8,285,546,019","102,336,040","12,666,600",0,0,"115,002,640","137,675,468","348,533,684","57,985,991",0,"672,081,514","8,957,627,533"
2882,國泰金,Sep-20,"494,736,913","82,811,080","167,753,341","100,978,291","55,079,730","3,847,703","412,290,064","64,481,923","10,562,019,990",,"69,580,012",0,"148,800,000","372,779","12,772,008","6,007,555,764","9,737,389,983","131,692,102","15,333,000",0,0,"147,025,102","177,255,256","360,192,487","128,782,575",0,"824,630,007","10,562,019,990"
2883,開發金,Sep-20,"83,359,625","39,378,742","140,876,304","35,750,317","19,689,841","14,195,251","29,914,749","88,408,228","3,292,770,380","52,163,553","89,153,203",0,"47,529,436","40,941,550","4,572,598","1,862,920,223","2,996,265,674","149,710,976",0,"17,891",0,"149,728,867","1,333,784","30,456,111","6,912,590","-3,071,470","296,504,706","3,292,770,380"
2884,玉山金,Sep-20,"41,926,889","5,987,135","109,452,212","33,162,921","6,119,052","3,183,642","1,800,513","11,375,500","2,781,675,233","7,002,577","32,640,905",0,"40,470,000","1,307,850","3,264,425","878,943","2,604,689,570","125,671,000",0,0,0,"125,671,000","25,350,214","26,560,300","-718,293",0,"176,985,663","2,781,675,233"
2885,元大金,Sep-20,"66,270,398","43,176,920","183,505,961","18,534,578","32,900,006","13,012,887","16,162,120","50,522,311","2,608,646,720","132,097,750","180,465,569",0,"73,809,494","57,738,772","6,140,907","297,917,927","2,344,093,915","121,374,360",0,0,0,"121,374,360","37,842,681","77,625,049","9,772,535",0,"264,552,805","2,608,646,720"
2886,兆豐金,Sep-20,"132,463,465","30,701,783","80,755,838","21,964,255","778,699","1,791,825","1,019,778","7,360,200","3,767,021,855","26,086,249","88,317,541",0,"18,000,000","591,439","1,842,112","28,802,294","3,447,096,057","135,998,240",0,0,0,"135,998,240","68,194,233","102,801,282","12,932,043",0,"319,925,798","3,767,021,855"
2887,台新金,Sep-20,"22,453,070","85,293,950","151,663,172","19,085,748","3,173,875","2,881,873","1,068,670","7,374,646","2,140,130,052","21,938,321","36,477,958",0,"70,100,000","10,525,895","2,975,268","1,751,763","1,957,359,442","109,067,417","8,000,000","32,099",0,"117,099,516","35,944,940","28,653,074","1,046,237",0,"182,770,610","2,140,130,052"
2888,新光金,Sep-20,"172,833,265","24,047,901","77,671,794","33,019,580","3,089,539","4,926,834","179,440,490","31,066,559","4,254,284,525","20,687,691","39,099,773",0,"59,311,450","2,219,144","6,818,338","2,937,394,521","4,009,340,951","130,203,941","2,970,000",0,0,"133,173,941","20,516,442","97,066,154","-5,844,816","-345,476","244,943,574","4,254,284,525"
2889,國票金,Sep-20,"3,240,042","6,548,542","22,206,978","7,370,339","224,144","149,166",0,"3,685,351","300,370,433","6,502,332","13,084,510",0,0,0,"149,754","1,578,245","259,038,043","28,964,817",0,0,0,"28,964,817","153,610","4,774,999","3,182,628","-106,346","41,332,390","300,370,433"
2890,永豐金,Sep-20,"22,233,154","16,980,965","82,270,257","13,106,590","2,180,683","3,427,837","2,478,947","26,349,315","2,033,929,299","20,504,574","44,939,160","18,437","51,632,663","16,212,690","2,829,415","3,578,331","1,883,152,306","112,710,541",0,0,0,"112,710,541","2,228,764","33,113,061","2,724,627",0,"150,776,993","2,033,929,299"
2891,中信金,Sep-20,"143,156,996","85,816,475","176,647,397","49,699,253","24,414,979","16,503,769","85,586,885","50,284,841","6,475,990,804","6,581,545","98,443,288",0,"124,380,132",0,"15,450,988","1,758,424,391","6,103,569,057","194,969,896","4,999,900",0,0,"199,969,796","58,754,923","138,934,685","-25,314,911",0,"372,421,747","6,475,990,804"
2892,第一金,Sep-20,"46,287,161","3,323,916","36,988,051","26,731,745","592,065","2,676,360","10,841,334","9,633,358","3,366,278,596","20,544,005","42,541,424",0,"38,950,000","500,000","2,475,650","46,216,012","3,149,945,240","128,358,011",0,0,0,"128,358,011","26,107,218","44,594,790","17,273,337",0,"216,333,356","3,366,278,596"
5880,合庫金,Sep-20,"55,957,565","6,679,465","34,562,827","33,658,054","3,864,453","1,586,265","11,488,305","6,247,455","4,002,011,579","6,547,034","60,430,354",0,"68,200,000","1,181,189","1,550,090","38,652,564","3,770,018,305","133,342,237",0,0,0,"133,342,237","57,974,241","23,181,349","11,302,092",0,"231,993,274","4,002,011,579"
2880,華南金,Jun-20,"34,404,807","15,492,481","46,559,065","31,626,242","941,412","1,884,789","11,270,358","3,688,461","2,860,221,067","15,284,921","60,495,971",0,"63,187,810","1,513,230","1,830,159","22,557,185","2,678,524,162","121,727,402",0,0,"6,820,386","128,547,788","17,758,986","26,531,426","8,856,506",0,"181,696,905","2,860,221,067"
2881,富邦金,Jun-20,"249,080,460","73,871,858","220,028,119","57,720,344","31,692,833","6,848,546","272,011,636","56,377,215","8,856,108,598","43,538,695","178,887,925",0,"242,631,610","1,503,204","21,140,377","4,160,417,732","8,247,948,500","102,336,040","12,666,600",0,0,"115,002,640","137,060,375","323,303,402","20,560,040",0,"608,160,098","8,856,108,598"
2882,國泰金,Jun-20,"449,880,117","83,005,530","170,470,715","101,042,437","56,008,318","3,960,071","410,703,272","56,711,097","10,346,868,986",,"97,279,092",0,"127,700,000","566,726","12,791,433","5,924,697,854","9,559,630,372","131,692,102","15,333,000",0,0,"147,025,102","177,254,459","328,688,706","122,832,628",0,"787,238,614","10,346,868,986"
2883,開發金,Jun-20,"105,534,210","50,383,929","125,682,282","36,399,883","19,960,318","17,509,664","25,067,990","67,172,056","3,213,415,636","57,430,016","102,702,830",0,"44,668,206","22,054,429","4,712,911","1,817,359,111","2,932,153,312","149,710,976",0,0,0,"149,710,976","1,114,971","24,780,481","4,700,935","-3,071,470","281,262,324","3,213,415,636"
2884,玉山金,Jun-20,"53,058,566","11,368,421","113,366,804","33,268,372","6,027,256","3,246,550","1,782,212","7,385,420","2,697,740,597","9,863,754","47,292,595",0,"43,170,000","1,872,120","3,295,568","862,791","2,524,424,557","116,195,000",0,0,"9,476,000","125,671,000","25,350,214","22,303,316","-124,258",0,"173,316,040","2,697,740,597"
2885,元大金,Jun-20,"74,990,379","57,645,423","191,408,793","18,154,933","32,978,129","13,222,354","16,426,373","38,419,383","2,559,489,983","151,149,213","208,472,295",0,"73,826,227","54,299,392","6,310,543","288,377,654","2,305,069,951","116,706,115",0,0,"4,668,245","121,374,360","37,782,836","68,174,534","9,840,805",0,"254,420,032","2,559,489,983"
2886,兆豐金,Jun-20,"151,846,701","34,865,670","83,764,930","21,960,229","629,886","1,801,901","1,021,633","6,370,444","3,810,001,679","28,943,673","109,870,474",0,"18,000,000","703,992","1,836,098","28,909,995","3,496,575,161","135,998,240",0,0,0,"135,998,240","68,194,233","95,171,191","14,062,854",0,"313,426,518","3,810,001,679"
2887,台新金,Jun-20,"22,010,843","84,945,856","146,198,023","19,034,274","3,005,849","2,801,858","1,072,029","8,304,633","2,079,906,745","22,286,156","46,534,547",0,"70,100,000","10,490,497","2,891,869","1,748,344","1,901,692,840","106,599,289","8,000,000","1,041","2,466,618","117,066,948","35,945,409","24,018,497","1,055,750",0,"178,213,905","2,079,906,745"
2888,新光金,Jun-20,"173,705,529","31,662,898","102,365,241","32,099,533","3,087,285","5,031,861","178,723,477","24,085,740","4,211,266,220","39,219,477","64,054,162",0,"60,794,872","2,900,430","6,892,837","2,887,742,519","3,977,396,224","130,203,941","750,000",0,0,"130,953,941","12,785,141","88,108,121","2,066,105","-401,846","233,869,996","4,211,266,220"
2889,國票金,Jun-20,"2,826,077","10,838,424","25,314,254","7,376,277","221,577","171,677",0,"946,719","299,325,923","10,831,399","15,993,435",0,0,0,"172,154","1,581,377","259,266,997","28,480,646",0,0,"484,171","28,964,817","153,610","3,798,024","3,069,204","-106,346","40,058,926","299,325,923"
2890,永豐金,Jun-20,"22,770,283","16,324,864","76,329,137","13,029,247","2,188,145","3,229,666","2,483,782","17,255,818","1,981,927,465","24,908,022","53,938,694","18,437","51,632,999","9,590,110","2,614,117","3,523,037","1,835,635,245","112,710,541",0,0,0,"112,710,541","2,228,764","29,350,974","2,001,941",0,"146,292,220","1,981,927,465"
2891,中信金,Jun-20,"140,363,591","73,003,747","179,885,256","50,003,009","24,457,394","16,068,998","84,961,584","37,312,735","6,381,938,651","6,786,611","119,662,417",0,"107,179,394",0,"14,895,873","1,752,389,095","6,020,375,027","194,969,896","4,999,900",0,0,"199,969,796","58,754,923","121,975,223","-19,216,718",0,"361,563,624","6,381,938,651"
2892,第一金,Jun-20,"41,997,374","5,197,506","35,931,182","26,770,579","592,149","2,747,323","10,665,227","6,131,326","3,234,776,535","19,505,080","60,891,967",0,"38,950,000","1,005,000","2,551,765","43,803,920","3,022,493,202","124,619,428",0,0,"3,738,583","128,358,011","26,107,218","39,971,271","17,846,833",0,"212,283,333","3,234,776,535"
5880,合庫金,Jun-20,"39,673,808","11,508,665","37,258,029","33,620,407","3,799,250","1,712,357","11,304,975","2,794,048","3,944,105,710","12,632,370","93,009,550",0,"68,200,000","1,688,602","1,647,081","39,829,363","3,716,875,510","129,458,483",0,0,"3,883,754","133,342,237","57,974,241","19,052,126","11,087,280",0,"227,230,200","3,944,105,710"
2880,華南金,Mar-20,"43,603,520","12,777,826","39,508,841","31,790,833","939,384","1,963,018","11,177,607","3,198,961","2,770,136,913","9,699,743","33,904,142",0,"66,387,222","2,545,975","1,889,145","21,706,207","2,590,816,987","121,727,402",0,0,0,"121,727,402","17,758,986","37,312,335","2,518,997",0,"179,319,926","2,770,136,913"
2881,富邦金,Mar-20,"214,157,088","91,324,945","223,800,939","57,097,013","32,061,224","6,698,322","245,640,162","62,288,662","8,571,206,472","49,971,914","161,917,026",0,"239,604,311","3,672,108","21,638,514","4,096,176,625","8,056,581,794","102,336,040","12,666,600",0,0,"115,002,640","137,060,737","333,657,000","-82,355,358",0,"514,624,678","8,571,206,472"
2882,國泰金,Mar-20,"321,229,598","90,576,910","192,117,626","101,555,464","50,663,821","3,906,709","407,461,008","68,041,454","10,038,124,647",,"80,742,011",0,"118,900,000","615,488","12,683,498","5,820,174,198","9,368,572,357","131,692,102","15,333,000",0,0,"147,025,102","177,257,514","349,468,241","-14,302,616",0,"669,552,290","10,038,124,647"
2883,開發金,Mar-20,"94,123,171","56,972,755","118,071,805","36,185,120","20,155,550","17,832,313","25,281,666","74,687,034","3,114,168,302","68,455,752","99,628,034",0,"42,442,639","28,750,816","4,970,630","1,785,092,531","2,872,138,439","149,684,380",0,"26,146",0,"149,710,526","1,115,029","30,346,568","-13,420,745","-3,071,470","242,029,863","3,114,168,302"
2884,玉山金,Mar-20,"48,680,498","12,737,358","107,951,099","33,219,870","6,119,504","3,182,207","1,818,178","6,477,276","2,598,769,049","7,363,173","27,705,602",0,"45,070,000","544,437","3,228,660","719,856","2,421,951,027","116,195,000",0,0,"216,000","116,411,000","25,350,214","35,607,824","-676,318",0,"176,818,022","2,598,769,049"
2885,元大金,Mar-20,"69,751,240","36,329,644","167,175,106","23,100,595","33,028,377","13,514,526","11,432,625","37,954,638","2,504,201,868","123,647,041","185,602,556",0,"68,854,087","57,866,578","6,552,502","282,549,926","2,257,704,193","116,706,115",0,0,0,"116,706,115","37,682,879","73,799,905","798,588",0,"246,497,675","2,504,201,868"
2886,兆豐金,Mar-20,"111,841,437","29,801,040","79,386,972","21,998,402","582,807","1,911,070","1,023,508","8,286,973","3,648,513,631","25,575,531","72,836,607",0,"13,000,000","3,679,248","1,939,549","28,711,861","3,323,715,562","135,998,240",0,0,0,"135,998,240","68,194,233","108,941,180","11,664,416",0,"324,798,069","3,648,513,631"
2887,台新金,Mar-20,"24,102,285","87,001,355","146,070,825","19,021,828","2,488,552","2,767,694","998,272","14,860,876","2,102,444,603","23,537,805","34,960,761",0,"60,100,000","10,222,039","2,846,867","1,748,858","1,923,018,178","106,583,099","8,000,000","10,633",0,"114,593,732","35,950,427","29,782,401","-1,027,116",0,"179,426,425","2,102,444,603"
2888,新光金,Mar-20,"133,200,123","19,950,447","83,083,888","31,992,585","3,077,471","4,998,775","177,877,787","25,781,951","4,047,333,724","11,960,225","48,323,856",0,"57,778,516","2,039,210","6,975,964","2,816,251,208","3,853,959,674","126,003,941","750,000",0,0,"126,753,941","13,655,226","92,524,695","-39,556,804","-401,846","193,374,050","4,047,333,724"
2889,國票金,Mar-20,"3,315,118","6,282,233","19,322,983","3,111,085","210,633","192,186",0,"2,649,738","287,043,949","6,916,860","10,425,775",0,0,0,"192,382","1,663,816","248,191,516","28,480,646",0,0,0,"28,480,646","153,610","5,111,312","1,044,623",0,"38,852,433","287,043,949"
2890,永豐金,Mar-20,"23,602,833","11,077,604","75,219,893","12,904,564","2,195,010","3,209,945","2,489,019","19,206,213","1,915,509,634","30,118,505","45,683,801","18,437","46,133,626","9,302,321","2,570,456","3,517,973","1,769,535,271","112,710,541",0,0,0,"112,710,541","2,228,764","34,158,673","-3,126,993",0,"145,974,363","1,915,509,634"
2891,中信金,Mar-20,"135,734,758","76,762,907","174,331,880","50,367,524","24,415,680","15,994,381","83,246,535","46,103,777","6,366,530,916","5,115,466","99,765,898",0,"98,178,651",0,"14,681,997","1,745,185,671","6,024,558,299","194,969,896","4,999,900",0,0,"199,969,796","58,754,923","136,149,136","-52,972,711",0,"341,972,617","6,366,530,916"
2892,第一金,Mar-20,"46,004,574","2,936,624","97,370,083","26,527,910","614,288","2,845,207","10,826,780","5,303,361","3,211,987,472","16,821,011","100,099,166",0,"38,950,000","1,460,000","2,632,589","43,410,349","2,996,787,430","124,619,428",0,0,0,"124,619,428","26,107,218","50,978,580","13,494,816",0,"215,200,042","3,211,987,472"
5880,合庫金,Mar-20,"42,532,862","5,746,624","31,190,061","33,650,097","3,776,694","1,679,549","11,011,486","4,171,996","3,779,140,364","5,437,198","41,306,602",0,"57,500,000","2,481,626","1,630,256","41,197,854","3,551,958,580","129,458,483",0,0,0,"129,458,483","57,973,141","29,845,691","4,718,737",0,"227,181,784","3,779,140,364"
2880,華南金,Dec-19,"38,861,681","12,350,692","46,116,677","31,915,460","914,006","2,096,128","10,999,439","3,503,792","2,731,828,227","11,227,075","37,298,835",0,"60,291,611","1,458,000","2,046,274","20,632,462","2,543,127,570","121,727,402",0,0,0,"121,727,402","17,758,986","39,734,810","9,477,311",0,"188,700,657","2,731,828,227"
2881,富邦金,Dec-19,"332,143,040","50,538,159","197,141,163","57,380,993","32,713,186","6,670,541","248,019,514","44,081,513","8,547,701,633","18,209,988","152,961,116",0,"245,932,480","1,931,139","21,606,081","4,015,493,430","7,928,015,348","102,336,040","12,666,600",0,0,"115,002,640","137,060,926","310,934,646","44,775,892",0,"619,686,285","8,547,701,633"
2882,國泰金,Dec-19,"413,405,471","108,598,405","185,049,532","101,855,371","51,270,972","3,908,913","408,696,108","56,924,753","10,065,479,341","8,360,853","66,934,725",0,"118,900,000","2,201,364","12,720,337","5,713,778,385","9,283,452,162","131,692,102","15,333,000",0,0,"147,025,102","177,256,976","326,282,407","121,182,880",0,"782,027,179","10,065,479,341"
2883,開發金,Dec-19,"101,141,145","35,344,968","104,305,699","34,904,312","20,441,634","18,548,919","25,341,556","60,608,848","3,027,288,004","48,189,030","86,839,670",0,"42,450,000","20,968,007","5,615,681","1,742,247,176","2,730,822,850","149,663,721",0,"20,359",0,"149,684,080","1,093,745","30,976,678","8,907,903","-3,137,278","296,465,154","3,027,288,004"
2884,玉山金,Dec-19,"43,023,628","4,349,758","113,150,366","33,351,444","6,188,674","3,181,031","1,853,907","4,972,910","2,498,358,191","4,669,605","29,184,083",0,"38,070,000","381,356","3,177,727","656,223","2,325,177,091","116,195,000",0,0,0,"116,195,000","24,965,734","31,697,756","199,431",0,"173,181,100","2,498,358,191"
2885,元大金,Dec-19,"69,259,573","36,064,416","174,240,497","22,242,669","33,197,460","13,343,880","4,915,972","31,044,577","2,414,319,106","112,539,474","161,327,046",0,"68,849,634","60,847,992","5,527,660","273,860,901","2,164,112,726","116,706,115",0,0,0,"116,706,115","37,402,480","69,703,509","8,389,029",0,"250,206,380","2,414,319,106"
2886,兆豐金,Dec-19,"146,189,216","38,037,271","99,308,276","22,080,894","610,731","1,777,500","1,025,375","6,998,951","3,683,547,780","24,408,391","75,207,489",0,"12,000,000","3,464,909","1,801,315","28,110,114","3,359,486,532","135,998,240",0,0,0,"135,998,240","68,194,233","107,511,364","12,357,411",0,"324,061,248","3,683,547,780"
2887,台新金,Dec-19,"24,168,532","88,553,392","156,087,584","19,051,458","2,462,448","2,761,324","1,001,062","8,516,416","2,030,941,331","23,818,082","39,382,641",0,"56,800,000","11,194,084","2,822,108","1,761,125","1,851,923,594","106,567,044","8,000,000","11,077",0,"114,578,121","35,955,405","27,302,739","1,053,117",0,"179,017,737","2,030,941,331"
2888,新光金,Dec-19,"201,897,933","22,861,017","72,698,862","32,032,794","3,019,275","5,168,346","176,510,411","24,310,423","4,029,813,719","12,598,404","38,935,308",0,"57,762,248","1,176,770","7,036,559","2,767,660,120","3,791,891,027","126,003,941","750,000",0,0,"126,753,941","13,655,226","85,387,853","12,125,766","-401,846","237,922,692","4,029,813,719"
2889,國票金,Dec-19,"1,964,922","6,942,563","22,931,554","3,019,229","215,190","188,163",0,"1,736,732","286,476,796","6,622,482","10,575,558",0,0,0,"185,710","1,666,494","246,648,035","28,480,646",0,0,0,"28,480,646","153,610","4,646,201","2,407,655",0,"39,828,761","286,476,796"
2890,永豐金,Dec-19,"23,445,028","11,169,634","76,732,563","12,805,711","2,186,965","3,295,666","2,494,112","17,185,055","1,833,120,705","19,721,001","39,294,734","18,437","36,019,751","8,970,410","2,662,983","3,437,463","1,684,754,941","112,710,541",0,0,0,"112,710,541","2,228,771","32,269,699","1,153,375",0,"148,365,764","1,833,120,705"
2891,中信金,Dec-19,"137,215,261","90,818,595","192,650,599","50,698,386","24,425,065","16,025,100","81,655,764","42,192,408","6,219,434,536","6,668,663","97,461,845",0,"98,177,908",0,"14,924,727","1,714,432,322","5,838,214,696","194,969,896","4,999,900",0,0,"199,969,796","58,688,782","124,708,923","-2,228,812",0,"381,219,840","6,219,434,536"
2892,第一金,Dec-19,"48,576,432","3,283,784","68,759,390","26,568,469","683,552","2,921,479","10,525,271","6,184,286","3,206,767,075","16,520,488","68,597,993",0,"37,950,000","1,250,000","2,700,947","40,253,066","2,987,034,568","124,619,428",0,0,0,"124,619,428","26,107,218","48,099,897","20,905,964",0,"219,732,507","3,206,767,075"
5880,合庫金,Dec-19,"60,006,782","6,412,261","34,284,712","33,771,493","3,711,718","1,723,612","10,826,441","3,774,376","3,739,488,557","5,919,907","50,852,309",0,"65,000,000","3,432,028","1,651,391","42,956,006","3,512,581,253","129,458,483",0,0,0,"129,458,483","57,973,141","25,875,976","8,112,324",0,"226,907,304","3,739,488,557"
2880,華南金,Sep-19,"44,737,732","10,337,445","45,188,546","31,959,748","847,079","2,050,253","10,726,769","2,940,866","2,676,239,759","9,494,299","51,384,676",0,"64,590,959","1,615,000","1,998,071","20,594,661","2,490,769,548","121,727,402",0,0,0,"121,727,402","17,758,986","37,159,263","8,822,441",0,"185,470,211","2,676,239,759"
2881,富邦金,Sep-19,"224,530,715","62,844,819","207,255,621","57,574,334","32,792,109","6,845,557","246,036,639","50,578,202","8,249,564,059","33,482,486","151,036,382",0,"238,529,010","1,512,414","21,620,902","3,949,748,483","7,655,950,639","102,336,040","12,666,600",0,0,"115,002,640","137,058,323","308,334,404","21,393,610",0,"593,613,420","8,249,564,059"
2882,國泰金,Sep-19,"343,245,590","122,339,711","210,297,923","101,691,763","52,165,863","3,860,275","405,987,422","74,694,179","9,939,729,857",,"124,011,839",0,"118,900,000","217,276","12,777,040","5,613,109,948","9,207,429,225","125,632,102","15,333,000",0,0,"140,965,102","161,689,272","314,612,904","105,027,128",0,"732,300,632","9,939,729,857"
2883,開發金,Sep-19,"61,301,519","43,406,119","113,511,958","33,790,134","20,746,672","18,726,933","25,282,953","74,044,486","3,051,016,682","61,446,998","101,929,686",0,"38,250,000","18,839,090","5,720,770","1,710,274,679","2,760,604,147","149,659,821",0,"3,400",0,"149,663,221","1,006,817","29,031,925","8,604,741","-3,379,234","290,412,535","3,051,016,682"
2884,玉山金,Sep-19,"33,401,487","12,325,695","119,148,653","33,352,932","6,046,232","3,160,754","1,877,591","5,014,674","2,442,297,412","13,246,955","36,390,662",0,"38,070,000","372,552","3,114,350","900,647","2,273,173,346","116,195,000",0,0,0,"116,195,000","24,965,734","27,104,031","738,862",0,"169,124,066","2,442,297,412"
2885,元大金,Sep-19,"68,604,898","34,036,645","189,267,758","21,865,387","33,188,365","13,465,381","4,925,265","28,884,706","2,373,599,210","113,802,047","171,969,538",0,"70,414,921","62,910,363","5,626,769","259,755,166","2,126,527,095","116,862,325",0,0,0,"116,862,325","37,346,821","66,567,261","8,824,853","-197,606","247,072,115","2,373,599,210"
2886,兆豐金,Sep-19,"109,264,080","25,507,864","88,330,682","22,080,380","632,383","1,795,700","1,379,441","6,109,812","3,540,535,316","35,761,656","89,695,327",0,"12,000,000","2,745,050","1,813,636","27,312,368","3,221,438,725","135,998,240",0,0,0,"135,998,240","68,194,233","102,082,127","12,810,284",0,"319,096,591","3,540,535,316"
2887,台新金,Sep-19,"27,181,494","91,358,047","165,775,361","19,194,907","2,421,486","2,523,951","908,591","11,424,800","2,007,293,506","29,587,778","46,403,701",0,"61,700,000","11,167,311","2,579,902","1,702,050","1,831,049,993","106,560,034","8,000,000","4,854",0,"114,564,888","35,954,348","24,816,088","777,226",0,"176,243,513","2,007,293,506"
2888,新光金,Sep-19,"136,658,308","31,422,106","110,553,868","31,503,716","2,995,934","5,107,835","173,211,548","21,817,568","3,974,925,752","33,315,909","60,052,037",0,"54,745,787","656,050","7,072,536","2,712,393,937","3,742,318,185","126,003,941","750,000",0,0,"126,753,941","13,679,254","85,798,355","6,392,577","-401,846","232,607,567","3,974,925,752"
2889,國票金,Sep-19,"2,384,740","6,888,952","22,290,478","2,847,653","212,140","218,284",0,"1,349,417","285,668,517","6,402,224","9,205,298",0,0,0,"215,202","1,471,535","246,180,555","28,480,646",0,0,0,"28,480,646","153,610","4,200,295","2,528,100",0,"39,487,962","285,668,517"
2890,永豐金,Sep-19,"25,694,428","13,095,101","92,280,272","12,594,415","2,237,067","3,342,997","2,517,916","21,809,832","1,825,199,373","21,579,000","53,018,304","18,437","38,519,005","8,235,082","2,696,481","3,251,354","1,679,423,933","112,710,541",0,0,0,"112,710,541","2,228,771","29,449,457","1,383,292",0,"145,775,440","1,825,199,373"
2891,中信金,Sep-19,"138,477,453","92,256,280","230,176,796","53,967,303","24,542,971","16,650,487","75,166,155","46,809,218","6,343,103,430","10,144,585","140,586,727",0,"98,327,169",0,"15,389,304","1,686,550,419","5,966,445,432","194,969,896","4,999,900",0,0,"199,969,796","58,689,310","119,973,469","-2,056,321",0,"376,657,998","6,343,103,430"
2892,第一金,Sep-19,"45,577,736",0,"67,686,785","26,881,815","466,627","2,747,341","9,882,835","4,327,823","3,016,429,937","8,923,318","62,933,151",0,"39,950,000","830,000","2,549,694","37,409,847","2,800,716,626","124,619,428",0,0,0,"124,619,428","26,107,218","44,284,420","20,702,245",0,"215,713,311","3,016,429,937"
5880,合庫金,Sep-19,"48,614,397","6,228,767","34,398,866","33,828,774","3,674,602","1,735,922","9,980,834","3,704,235","3,680,903,365","7,450,852","58,219,970",0,"60,000,000","3,354,810","1,672,612","43,913,703","3,458,524,014","129,458,483",0,0,0,"129,458,483","57,973,141","21,947,618","7,726,012",0,"222,379,351","3,680,903,365"
2880,華南金,Jun-19,"45,565,978","11,378,501","44,287,205","32,073,244","768,317","2,204,528","10,855,968","2,571,661","2,681,952,385","9,627,600","46,222,625",0,"64,590,306","2,846,000","2,143,518","20,470,886","2,499,580,497","115,436,133",0,0,"6,291,269","121,727,402","17,758,986","32,872,199","10,011,185",0,"182,371,888","2,681,952,385"
2881,富邦金,Jun-19,"216,994,924","47,531,079","198,146,050","58,111,806","33,546,987","7,226,380","248,002,798","45,343,190","8,119,734,588","28,533,482","170,489,755",0,"235,720,392","4,645,060","21,885,895","3,857,320,441","7,554,276,800","102,336,040","12,666,600",0,0,"115,002,640","137,018,762","287,445,182","14,606,095",0,"565,457,788","8,119,734,588"
2882,國泰金,Jun-19,"327,504,526","89,013,339","188,568,814","101,736,445","52,826,197","4,053,697","397,886,101","70,460,877","9,738,310,636",,"88,362,798",0,"120,400,000","238,942","12,874,914","5,523,637,446","9,039,563,952","125,632,102","15,333,000",0,0,"140,965,102","161,689,208","299,033,947","86,883,888",0,"698,746,684","9,738,310,636"
2883,開發金,Jun-19,"58,345,344","49,240,859","121,037,063","33,192,390","20,751,444","18,991,539","25,329,771","65,009,261","2,983,306,677","61,154,120","102,035,203",0,"33,250,000","17,809,353","5,921,944","1,662,841,427","2,700,733,893","149,659,821",0,0,0,"149,659,821","883,080","26,363,939","7,875,127","-3,379,234","282,572,784","2,983,306,677"
2884,玉山金,Jun-19,"48,144,379","5,466,298","111,795,167","32,808,932","6,111,061","3,166,516","1,954,201","4,177,044","2,386,337,429","5,666,247","42,068,681",0,"39,570,000","372,960","3,112,931","910,569","2,221,895,899","108,289,000",0,0,"7,906,000","116,195,000","24,965,734","21,534,768","1,631,251",0,"164,441,530","2,386,337,429"
2885,元大金,Jun-19,"64,414,664","36,166,325","190,749,778","21,931,739","33,298,557","13,609,826","5,020,436","44,394,975","2,389,884,912","114,000,020","182,467,651",0,"72,635,911","65,636,672","5,739,297","249,403,808","2,147,299,591","116,862,325",0,0,0,"116,862,325","37,200,474","60,499,753","10,300,563","-197,606","242,585,321","2,389,884,912"
2886,兆豐金,Jun-19,"124,115,202","21,455,861","89,024,761","22,081,368","632,468","1,754,892","1,382,235","5,032,092","3,604,418,597","20,729,841","89,225,140",0,"12,000,000","2,530,520","1,761,941","27,337,323","3,292,055,414","135,998,240",0,0,0,"135,998,240","68,194,233","94,777,937","13,381,070",0,"312,363,183","3,604,418,597"
2887,台新金,Jun-19,"21,626,249","85,828,150","154,423,120","19,222,465","2,395,832","2,580,633","637,928","8,680,669","1,932,706,507","21,638,085","41,211,295",0,"61,700,000","11,255,283","2,617,386","1,738,716","1,759,391,072","104,382,431","8,000,000","4,824","2,170,903","114,558,158","35,956,224","21,126,225","1,541,544",0,"173,315,435","1,932,706,507"
2888,新光金,Jun-19,"112,319,369","21,681,679","74,076,369","31,472,207","2,990,992","5,149,884","171,130,796","23,605,345","3,916,107,869","35,817,772","57,367,068",0,"60,729,369","2,841,409","7,010,395","2,664,597,020","3,690,000,230","122,603,941",0,0,0,"122,603,941","11,490,137","76,562,444","15,471,559","-401,846","226,107,639","3,916,107,869"
2889,國票金,Jun-19,"2,565,308","6,207,720","21,821,974","2,682,918","214,887","220,102",0,"1,007,103","292,484,076","5,624,248","9,548,204",0,0,0,"217,991","1,448,513","254,511,417","28,198,659",0,0,"281,987","28,480,646","153,610","3,425,870","1,993,399",0,"37,972,659","292,484,076"
2890,永豐金,Jun-19,"28,609,669","10,867,781","79,228,165","12,523,300","2,243,004","3,543,284","2,535,901","16,797,147","1,777,513,277","21,806,539","49,080,999","18,437","40,221,383","9,192,837","2,877,472","3,251,892","1,634,450,622","112,710,541",0,0,0,"112,710,541","2,228,771","26,522,313","1,597,568",0,"143,062,655","1,777,513,277"
2891,中信金,Jun-19,"110,660,527","109,096,173","211,193,134","54,366,291","24,648,156","17,058,834","74,225,967","46,012,167","6,165,112,538","7,484,500","120,100,339",0,"98,326,412",0,"15,690,756","1,657,985,690","5,802,380,410","194,969,896","4,999,900",0,0,"199,969,796","58,686,089","102,381,203","1,613,582",0,"362,732,128","6,165,112,538"
2892,第一金,Jun-19,"54,738,973",0,"70,599,348","26,899,312","428,655","2,484,437","9,721,847","4,164,262","2,998,195,577","25,466,010","90,405,177",0,"47,150,000","200,000","2,300,310","34,701,641","2,787,193,528","123,385,572",0,0,"1,233,856","124,619,428","26,107,218","38,786,007","21,489,396",0,"211,002,049","2,998,195,577"
5880,合庫金,Jun-19,"58,469,470","5,027,667","33,871,877","33,652,807","3,666,806","1,649,527","9,960,231","2,976,431","3,649,487,643","4,951,274","60,287,848",0,"60,000,000","2,612,535","1,564,810","45,347,346","3,431,062,008","125,687,847",0,0,"3,770,636","129,458,483","57,973,141","17,303,354","8,631,124",0,"218,425,635","3,649,487,643"
